frame,time_s,role,track_id,x_px,y_px,court_x_m,court_y_m,bbox_x1,bbox_y1,bbox_x2,bbox_y2,confidence,source
0,0.000000,near,1,487.000,616.000,1.915508,10.219727,449.074,457.455,539.164,638.625,0.905608,detected
0,0.000000,far,2,662.000,460.000,3.330557,0.967791,614.083,340.000,673.898,475.858,0.847325,detected
1,0.033367,near,1,487.000,617.000,1.919287,10.258462,449.054,457.810,538.863,638.396,0.909759,detected
1,0.033367,far,2,662.000,460.000,3.330557,0.967791,612.860,340.000,672.669,475.756,0.833248,detected
2,0.066733,near,1,487.000,617.000,1.919287,10.258462,448.745,456.827,539.011,638.387,0.907507,detected
2,0.066733,far,2,662.000,460.000,3.330557,0.967791,612.977,340.000,672.684,475.509,0.852268,detected
3,0.100100,near,1,487.000,617.000,1.919287,10.258462,448.667,456.531,539.024,638.342,0.907755,detected
3,0.100100,far,2,662.000,460.000,3.330557,0.967791,611.439,340.000,671.234,475.331,0.830886,detected
4,0.133467,near,1,487.000,617.000,1.919287,10.258462,448.590,456.226,539.073,638.387,0.907437,detected
4,0.133467,far,2,662.000,460.000,3.330557,0.967791,611.696,340.000,671.661,475.605,0.829745,detected
5,0.166834,near,1,487.000,617.000,1.919287,10.258462,448.593,456.230,539.028,638.397,0.907704,detected
5,0.166834,far,2,662.000,460.000,3.330557,0.967791,612.425,340.000,672.457,475.825,0.815153,detected
6,0.200200,near,1,487.000,617.000,1.919287,10.258462,448.689,456.436,538.962,638.372,0.908487,detected
6,0.200200,far,2,663.000,460.000,3.342949,0.967761,610.410,340.000,670.935,476.272,0.776847,detected
7,0.233567,near,1,487.000,617.000,1.919287,10.258462,448.781,456.566,538.930,638.349,0.908940,detected
7,0.233567,far,2,662.000,460.000,3.330557,0.967791,609.993,340.000,670.609,476.044,0.795615,detected
8,0.266934,near,1,487.000,617.000,1.919287,10.258462,448.806,456.593,538.893,638.351,0.908402,detected
8,0.266934,far,2,661.000,461.000,3.320468,1.053696,610.991,340.000,671.684,476.383,0.848612,detected
9,0.300300,near,1,487.000,617.000,1.919287,10.258462,448.913,457.002,538.778,638.358,0.909063,detected
9,0.300300,far,2,661.000,461.000,3.320468,1.053696,611.780,340.000,672.395,476.613,0.858593,detected
10,0.333667,near,1,487.000,617.000,1.919287,10.258462,448.991,457.235,538.721,638.349,0.908903,detected
10,0.333667,far,2,661.000,460.000,3.318163,0.967821,611.695,340.000,672.163,476.590,0.836079,detected
11,0.367034,near,1,487.000,617.000,1.919287,10.258462,449.023,457.363,538.694,638.388,0.909133,detected
11,0.367034,far,2,661.000,460.000,3.318163,0.967821,611.475,340.000,671.854,476.596,0.846018,detected
12,0.400400,near,1,487.000,616.000,1.915508,10.219727,448.722,455.531,539.170,638.395,0.903520,detected
12,0.400400,far,2,661.000,460.000,3.318163,0.967821,611.846,340.000,672.049,476.518,0.838576,detected
13,0.433767,near,1,486.000,616.000,1.905821,10.219800,448.698,455.023,539.266,638.360,0.903300,detected
13,0.433767,far,2,661.000,460.000,3.318163,0.967821,612.021,340.000,671.697,475.706,0.842327,detected
14,0.467134,near,1,487.000,616.000,1.915508,10.219727,448.958,456.062,538.994,638.388,0.905189,detected
14,0.467134,far,2,661.000,459.000,3.315851,0.881636,612.462,340.000,671.814,475.485,0.823700,detected
15,0.500501,near,1,487.000,616.000,1.915508,10.219727,449.060,456.414,538.887,638.378,0.905257,detected
15,0.500501,far,2,662.000,459.000,3.328266,0.881607,612.595,340.000,671.750,475.481,0.812730,detected
16,0.533867,near,1,487.000,616.000,1.915508,10.219727,449.358,457.145,538.881,638.430,0.905001,detected
16,0.533867,far,2,662.000,459.000,3.328266,0.881607,612.895,340.000,671.775,475.463,0.820741,detected
17,0.567234,near,1,487.000,616.000,1.915508,10.219727,449.576,458.206,538.582,638.233,0.914546,detected
17,0.567234,far,2,661.000,458.000,3.313530,0.795138,614.733,340.000,672.938,475.468,0.815166,detected
18,0.600601,near,1,487.000,616.000,1.915508,10.219727,449.547,458.215,538.578,638.147,0.912841,detected
18,0.600601,far,2,661.000,458.000,3.313530,0.795138,615.589,340.000,673.137,475.408,0.799304,detected
19,0.633967,near,1,487.000,616.000,1.915508,10.219727,449.475,457.979,538.661,638.119,0.913588,detected
19,0.633967,far,2,661.000,457.000,3.311200,0.708325,615.804,340.000,672.730,475.193,0.795974,detected
20,0.667334,near,1,487.000,616.000,1.915508,10.219727,449.544,458.449,538.576,638.104,0.916080,detected
20,0.667334,far,2,661.000,456.000,3.308862,0.621196,616.333,340.000,672.649,475.067,0.776502,detected
21,0.700701,near,1,487.000,616.000,1.915508,10.219727,449.681,458.697,538.717,638.116,0.917561,detected
21,0.700701,far,2,661.000,456.000,3.308862,0.621196,617.918,340.000,673.702,475.541,0.524495,detected
22,0.734067,near,1,487.000,616.000,1.915508,10.219727,449.658,458.638,538.824,638.115,0.916574,detected
22,0.734067,far,2,661.000,455.000,3.306516,0.533748,617.815,340.000,673.186,475.584,0.836503,detected
23,0.767434,near,1,487.000,616.000,1.915508,10.219727,449.735,458.865,538.906,638.135,0.919298,detected
23,0.767434,far,2,661.000,456.000,3.308862,0.621196,618.371,340.000,673.394,475.899,0.842964,detected
24,0.800801,near,1,487.000,616.000,1.915508,10.219727,449.764,458.474,539.218,638.286,0.904024,detected
24,0.800801,far,2,661.000,457.000,3.311200,0.708325,617.269,340.000,672.515,476.723,0.779820,detected
25,0.834168,near,1,487.000,616.000,1.915508,10.219727,449.841,458.821,539.205,638.290,0.916052,detected
25,0.834168,far,2,660.000,457.000,3.298739,0.708353,617.635,340.000,672.757,476.836,0.871580,detected
26,0.867534,near,1,487.000,616.000,1.915508,10.219727,449.962,458.307,539.553,638.302,0.910604,detected
26,0.867534,far,2,661.000,457.000,3.311200,0.708325,618.375,340.000,673.442,477.262,0.821193,detected
27,0.900901,near,1,487.000,616.000,1.915508,10.219727,449.853,457.456,539.823,638.347,0.909388,detected
27,0.900901,far,2,661.000,458.000,3.313530,0.795138,618.709,340.000,673.824,477.585,0.790160,detected
28,0.934268,near,1,486.000,615.000,1.902017,10.180955,449.799,457.008,539.924,638.303,0.908165,detected
28,0.934268,far,2,661.000,458.000,3.313530,0.795138,606.437,340.000,664.704,477.444,0.680290,detected
29,0.967634,near,1,486.000,616.000,1.905821,10.219800,450.055,457.360,539.966,638.198,0.914891,detected
29,0.967634,far,2,661.000,458.000,3.313530,0.795138,612.362,340.000,670.820,477.458,0.800054,detected
30,1.001001,near,1,487.000,616.000,1.915508,10.219727,450.033,456.580,540.279,638.130,0.908253,detected
30,1.001001,far,2,661.000,458.000,3.313530,0.795138,617.397,340.000,675.353,476.923,0.813990,detected
31,1.034368,near,1,486.000,617.000,1.909613,10.258535,450.161,455.516,540.889,638.314,0.908653,detected
31,1.034368,far,2,661.000,459.000,3.315851,0.881636,620.512,340.013,677.931,476.742,0.861799,detected
32,1.067734,near,1,487.000,617.000,1.919287,10.258462,450.958,456.355,541.396,638.598,0.904661,detected
32,1.067734,far,2,661.000,461.000,3.320468,1.053696,622.611,340.275,679.479,477.058,0.803611,detected
33,1.101101,near,1,487.000,616.000,1.915508,10.219727,451.400,456.945,541.554,638.844,0.910514,detected
33,1.101101,far,2,661.000,461.000,3.320468,1.053696,621.035,340.104,678.148,476.967,0.848615,detected
34,1.134468,near,1,487.000,616.000,1.915508,10.219727,451.446,455.705,541.963,638.781,0.905449,detected
34,1.134468,far,2,661.000,461.000,3.320468,1.053696,623.924,340.256,680.789,476.870,0.856757,detected
35,1.167835,near,1,487.000,617.000,1.919287,10.258462,451.792,452.987,543.190,638.658,0.891815,detected
35,1.167835,far,2,660.000,461.000,3.308097,1.053727,626.800,340.095,684.141,477.125,0.878332,detected
36,1.201201,near,1,488.000,618.000,1.932715,10.297014,453.304,455.386,543.315,638.566,0.901152,detected
36,1.201201,far,2,660.000,460.000,3.305770,0.967852,627.958,340.033,685.920,477.032,0.893711,detected
37,1.234568,near,1,489.000,617.000,1.938634,10.258315,454.793,458.642,543.174,638.561,0.904023,detected
37,1.234568,far,2,660.000,458.000,3.301091,0.795167,624.878,340.204,682.442,477.078,0.830579,detected
38,1.267935,near,1,489.000,618.000,1.942375,10.296941,456.838,461.618,543.540,638.136,0.902633,detected
38,1.267935,far,2,659.000,460.000,3.293377,0.967883,623.715,340.228,680.658,477.284,0.812048,detected
39,1.301301,near,1,490.000,619.000,1.955752,10.335384,458.692,465.156,544.046,638.928,0.900023,detected
39,1.301301,far,2,659.000,461.000,3.295726,1.053758,625.414,340.471,681.014,477.172,0.794685,detected
40,1.334668,near,1,491.000,622.000,1.976445,10.450213,460.487,469.040,544.221,639.696,0.909901,detected
40,1.334668,far,2,657.000,459.000,3.266186,0.881755,630.365,340.174,686.232,477.383,0.830624,detected
41,1.368035,near,1,493.000,623.000,1.999290,10.488152,462.162,471.655,544.827,639.843,0.915688,detected
41,1.368035,far,2,657.000,459.000,3.266186,0.881755,631.096,340.060,686.450,477.334,0.783328,detected
42,1.401401,near,1,492.000,624.000,1.993336,10.526206,461.965,472.882,544.102,640.071,0.917723,detected
42,1.401401,far,2,656.000,460.000,3.256195,0.967974,630.811,340.017,685.409,477.185,0.778448,detected
43,1.434768,near,1,492.000,625.000,1.996964,10.564080,461.702,473.413,543.596,640.204,0.916112,detected
43,1.434768,far,2,656.000,460.000,3.256195,0.967974,631.429,340.002,685.541,477.213,0.783044,detected
44,1.468135,near,1,492.000,628.000,2.007788,10.677072,460.887,473.361,542.557,640.220,0.916647,detected
44,1.468135,far,2,655.000,460.000,3.243801,0.968004,634.113,340.000,688.368,476.971,0.872187,detected
45,1.501502,near,1,490.000,625.000,1.977834,10.564230,459.884,472.941,541.625,640.694,0.912994,detected
45,1.501502,far,2,654.000,460.000,3.231406,0.968035,635.041,340.000,689.646,476.985,0.878182,detected
46,1.534868,near,1,489.000,629.000,1.982840,10.714753,459.182,471.267,541.009,640.843,0.912135,detected
46,1.534868,far,2,654.000,460.000,3.231406,0.968035,635.911,340.000,690.656,476.984,0.884937,detected
47,1.568235,near,1,489.000,628.000,1.979212,10.677299,458.553,469.654,540.210,641.087,0.908717,detected
47,1.568235,far,2,654.000,461.000,3.233867,1.053914,636.143,340.000,691.068,477.181,0.888223,detected
48,1.601602,near,1,488.000,627.000,1.966036,10.639813,457.614,467.745,538.900,640.646,0.900438,detected
48,1.601602,far,2,654.000,462.000,3.236319,1.139483,636.110,340.000,691.130,477.300,0.890443,detected
49,1.634968,near,1,487.000,628.000,1.960161,10.677449,455.343,467.214,535.977,641.454,0.900842,detected
49,1.634968,far,2,654.000,462.000,3.236319,1.139483,636.170,340.000,691.223,477.321,0.892557,detected
50,1.668335,near,1,483.000,631.000,1.933148,10.789808,453.541,467.483,533.744,643.346,0.902437,detected
50,1.668335,far,2,655.000,461.000,3.246239,1.053883,636.085,340.000,691.166,477.380,0.889843,detected
51,1.701702,near,1,483.000,633.000,1.940490,10.863998,450.862,468.949,531.315,648.305,0.902220,detected
51,1.701702,far,2,655.000,462.000,3.248669,1.139452,636.039,340.000,691.084,477.303,0.892312,detected
52,1.735068,near,1,478.000,639.000,1.915362,11.084517,448.381,471.067,528.955,653.783,0.893319,detected
52,1.735068,far,2,654.000,462.000,3.236319,1.139483,636.081,340.000,691.074,477.298,0.890688,detected
53,1.768435,near,1,475.000,640.000,1.890911,11.121088,446.127,475.252,525.876,658.557,0.897028,detected
53,1.768435,far,2,655.000,462.000,3.248669,1.139452,636.137,340.000,691.101,477.197,0.893905,detected
54,1.801802,near,1,471.000,642.000,1.860897,11.193779,443.096,480.835,521.376,661.852,0.897889,detected
54,1.801802,far,2,655.000,462.000,3.248669,1.139452,636.195,340.000,691.197,477.261,0.889100,detected
55,1.835169,near,1,467.000,645.000,1.834795,11.301928,437.921,486.292,515.676,666.406,0.893796,detected
55,1.835169,far,2,655.000,462.000,3.248669,1.139452,635.960,340.000,690.979,477.299,0.891151,detected
56,1.868535,near,1,465.000,648.000,1.827445,11.409048,434.201,490.558,510.694,667.987,0.885413,detected
56,1.868535,far,2,655.000,462.000,3.248669,1.139452,635.766,340.000,690.789,477.326,0.889059,detected
57,1.901902,near,1,462.000,650.000,1.807168,11.480113,430.759,493.101,506.994,670.219,0.898270,detected
57,1.901902,far,2,656.000,461.000,3.258611,1.053851,635.418,340.000,690.447,477.425,0.884055,detected
58,1.935269,near,1,461.000,655.000,1.816646,11.655607,427.594,493.771,505.322,674.247,0.903589,detected
58,1.935269,far,2,656.000,461.000,3.258611,1.053851,635.515,340.000,690.599,477.489,0.882879,detected
59,1.968635,near,1,460.000,660.000,1.825997,11.828770,423.746,495.111,503.804,681.366,0.901618,detected
59,1.968635,far,2,656.000,460.000,3.256195,0.967974,635.134,340.000,690.135,477.270,0.877287,detected
60,2.002002,near,1,455.000,667.000,1.806343,12.067657,419.757,497.501,500.027,684.980,0.905158,detected
60,2.002002,far,2,657.000,461.000,3.270983,1.053820,634.076,340.000,688.728,476.772,0.866993,detected
61,2.035369,near,1,448.000,670.000,1.754296,12.169092,414.790,500.039,494.064,686.886,0.896331,detected
61,2.035369,far,2,656.000,459.000,3.253770,0.881785,633.118,340.000,687.480,476.069,0.849044,detected
62,2.068735,near,1,439.000,673.000,1.684714,12.269904,409.746,503.363,486.672,687.539,0.904328,detected
62,2.068735,far,2,656.000,458.000,3.251336,0.795283,629.977,340.000,682.941,475.036,0.846410,detected
63,2.102102,near,1,436.000,672.000,1.653958,12.236876,404.246,505.429,479.162,688.027,0.888519,detected
63,2.102102,far,2,656.000,457.000,3.248893,0.708466,628.403,340.000,680.087,473.938,0.820733,detected
64,2.135469,near,1,428.000,672.000,1.582098,12.237527,396.059,505.073,469.355,688.605,0.860364,detected
64,2.135469,far,2,657.000,457.000,3.261355,0.708438,630.710,340.000,682.709,473.274,0.871043,detected
65,2.168836,near,1,422.000,673.000,1.532208,12.271291,388.721,502.766,460.939,689.047,0.882666,detected
65,2.168836,far,2,657.000,457.000,3.261355,0.708438,630.844,340.000,683.176,472.498,0.870072,detected
66,2.202202,near,1,414.000,672.000,1.456325,12.238667,382.725,499.015,454.629,687.374,0.879905,detected
66,2.202202,far,2,657.000,456.000,3.258926,0.621306,630.455,340.000,682.982,471.286,0.849969,detected
67,2.235569,near,1,405.000,670.000,1.367004,12.172585,376.332,497.636,448.013,684.847,0.883040,detected
67,2.235569,far,2,657.000,455.000,3.256488,0.533855,628.661,340.000,681.185,469.864,0.849151,detected
68,2.268936,near,1,396.000,668.000,1.277201,12.106146,366.051,496.364,439.031,682.686,0.905839,detected
68,2.268936,far,2,657.000,453.000,3.251586,0.357992,626.352,340.000,679.254,468.527,0.868889,detected
69,2.302302,near,1,387.000,671.000,1.209261,12.207501,356.026,495.794,431.258,683.085,0.906311,detected
69,2.302302,far,2,657.000,452.000,3.249121,0.269577,624.444,340.000,677.957,467.731,0.873621,detected
70,2.335669,near,1,379.000,670.000,1.132719,12.174698,345.843,495.615,423.540,684.128,0.916197,detected
70,2.335669,far,2,656.000,450.000,3.231542,0.091791,624.108,340.000,678.104,467.081,0.808706,detected
71,2.369036,near,1,370.000,673.000,1.065507,12.275534,335.409,494.682,417.145,689.722,0.906321,detected
71,2.369036,far,2,656.000,451.000,3.234048,0.180860,622.766,340.000,677.588,467.040,0.806434,detected
72,2.402402,near,1,363.000,676.000,1.016701,12.375430,324.695,496.271,409.509,696.000,0.882100,detected
72,2.402402,far,2,656.000,451.000,3.234048,0.180860,620.802,340.000,676.713,467.490,0.843434,detected
73,2.435769,near,1,354.000,679.000,0.950450,12.474722,317.293,498.684,402.814,698.775,0.892420,detected
73,2.435769,far,2,655.000,451.000,3.221448,0.180883,619.424,340.000,676.173,467.668,0.841510,detected
74,2.469136,near,1,347.000,682.000,0.902459,12.573090,311.252,501.761,396.428,700.871,0.901792,detected
74,2.469136,far,2,655.000,450.000,3.218919,0.091814,618.076,340.000,675.497,467.636,0.864949,detected
75,2.502503,near,1,342.000,685.000,0.872519,12.670540,307.425,503.203,392.172,702.193,0.900231,detected
75,2.502503,far,2,655.000,449.000,3.216380,0.002416,617.569,340.000,675.350,467.252,0.864845,detected
76,2.535869,near,1,337.000,686.000,0.833152,12.703135,304.207,502.220,388.746,702.876,0.886347,detected
76,2.535869,far,2,654.000,449.000,3.203734,0.002438,617.139,340.055,675.000,467.114,0.853499,detected
77,2.569236,near,1,334.000,684.000,0.796884,12.638941,301.907,499.523,386.235,702.723,0.885189,detected
77,2.569236,far,2,654.000,449.000,3.203734,0.002438,617.525,340.021,675.315,466.549,0.887133,detected
78,2.602603,near,1,330.000,680.000,0.741582,12.509381,299.534,494.964,383.780,702.095,0.865477,detected
78,2.602603,far,2,653.000,449.000,3.191087,0.002460,617.762,340.007,675.299,465.794,0.869180,detected
79,2.635969,near,1,330.000,677.000,0.726534,12.411076,298.283,487.056,382.728,700.774,0.842201,detected
79,2.635969,far,2,652.000,449.000,3.178440,0.002482,617.382,340.002,674.513,464.951,0.870774,detected
80,2.669336,near,1,329.000,676.000,0.712544,12.378218,298.562,483.274,381.616,700.056,0.826348,detected
80,2.669336,far,2,650.000,448.000,3.150480,0.000000,617.181,340.001,673.965,464.171,0.861699,detected
81,2.702703,near,1,328.000,672.000,0.683202,12.245678,298.867,478.678,380.681,698.717,0.833543,detected
81,2.702703,far,2,648.000,449.000,3.127849,0.002570,616.832,340.000,672.976,463.024,0.872630,detected
82,2.736069,near,1,327.000,672.000,0.674207,12.245759,297.821,475.478,377.981,698.044,0.864662,detected
82,2.736069,far,2,646.000,448.000,3.099794,0.000000,615.908,340.000,671.726,462.867,0.852796,detected
83,2.769436,near,1,325.000,673.000,0.661370,12.279208,297.058,473.953,375.321,698.068,0.870156,detected
83,2.769436,far,2,644.000,449.000,3.077255,0.002658,614.757,340.000,670.504,463.356,0.859080,detected
84,2.802803,near,1,323.000,675.000,0.653718,12.345684,296.134,474.065,372.674,699.555,0.869366,detected
84,2.802803,far,2,642.000,448.000,3.049104,0.000000,614.191,340.000,669.611,462.812,0.874043,detected
85,2.836170,near,1,321.000,680.000,0.661467,12.510123,295.376,475.299,370.611,702.819,0.877229,detected
85,2.836170,far,2,640.000,447.000,3.020847,0.000000,612.846,340.000,668.172,462.448,0.868964,detected
86,2.869536,near,1,320.000,684.000,0.672909,12.640100,294.329,478.357,367.925,706.388,0.864622,detected
86,2.869536,far,2,638.000,446.000,2.992485,0.000000,610.693,340.000,666.245,461.946,0.877424,detected
87,2.902903,near,1,319.000,690.000,0.694245,12.832532,294.526,481.224,366.648,709.663,0.871260,detected
87,2.902903,far,2,636.000,446.000,2.967042,0.000000,607.455,340.000,663.789,461.693,0.889708,detected
88,2.936270,near,1,316.000,692.000,0.677909,12.896244,294.724,486.242,364.883,711.124,0.879578,detected
88,2.936270,far,2,633.000,446.000,2.928877,0.000000,603.555,340.000,661.096,461.712,0.898760,detected
89,2.969636,near,1,315.000,695.000,0.684124,12.990914,294.210,488.507,363.643,712.060,0.881663,detected
89,2.969636,far,2,632.000,447.000,2.919264,0.000000,600.137,340.000,659.040,461.472,0.909782,detected
90,3.003003,near,1,316.000,695.000,0.692857,12.990830,294.116,490.588,363.018,712.343,0.871362,detected
90,3.003003,far,2,630.000,446.000,2.890709,0.000000,597.283,340.000,657.834,461.724,0.911995,detected
91,3.036370,near,1,318.000,697.000,0.720179,13.053320,293.909,495.778,361.706,712.505,0.889866,detected
91,3.036370,far,2,629.000,447.000,2.881166,0.000000,595.586,340.000,657.635,461.852,0.913245,detected
92,3.069736,near,1,316.000,698.000,0.707691,13.084699,294.076,502.590,360.428,712.614,0.855693,detected
92,3.069736,far,2,628.000,449.000,2.874840,0.003010,594.754,340.000,658.009,461.841,0.914683,detected
93,3.103103,near,1,317.000,696.000,0.706535,13.022116,295.379,508.402,360.474,713.130,0.873515,detected
93,3.103103,far,2,627.000,449.000,2.862187,0.003032,593.657,340.000,658.200,462.074,0.911653,detected
94,3.136470,near,1,317.000,692.000,0.686675,12.896160,291.859,511.580,356.481,712.296,0.861443,detected
94,3.136470,far,2,627.000,449.000,2.862187,0.003032,592.928,340.000,658.575,462.096,0.910908,detected
95,3.169837,near,1,319.000,686.000,0.674168,12.704630,288.441,512.680,352.415,711.321,0.840602,detected
95,3.169837,far,2,627.000,449.000,2.862187,0.003032,592.427,340.000,659.050,462.079,0.910884,detected
96,3.203203,near,1,322.000,682.000,0.680521,12.575156,287.818,511.263,351.303,707.547,0.854226,detected
96,3.203203,far,2,627.000,449.000,2.862187,0.003032,592.000,340.000,659.461,461.991,0.908410,detected
97,3.236570,near,1,324.000,675.000,0.662678,12.345602,288.967,510.680,351.391,701.739,0.852032,detected
97,3.236570,far,2,626.000,449.000,2.849533,0.003054,591.466,340.000,659.691,461.996,0.903220,detected
98,3.269937,near,1,323.000,674.000,0.648567,12.312572,288.520,504.211,352.594,697.911,0.865396,detected
98,3.269937,far,2,625.000,448.000,2.833629,0.000000,590.157,340.000,658.852,461.912,0.898175,detected
99,3.303303,near,1,321.000,674.000,0.630623,12.312735,285.740,479.004,357.110,694.042,0.828937,detected
99,3.303303,far,2,624.000,446.000,2.814367,0.000000,589.064,340.000,658.124,461.845,0.901891,detected
100,3.336670,near,1,320.000,672.000,0.611238,12.246330,283.962,460.932,360.625,690.287,0.906292,detected
100,3.336670,far,2,623.000,443.000,2.791601,0.000000,588.056,340.000,657.421,461.836,0.901684,detected
101,3.370037,near,1,320.000,668.000,0.590248,12.112307,286.141,466.038,361.813,686.823,0.901773,detected
101,3.370037,far,2,621.000,444.000,2.769416,0.000000,586.703,340.000,656.678,462.029,0.904211,detected
102,3.403403,near,1,322.000,665.000,0.592518,12.010696,290.338,487.782,360.754,682.960,0.907285,detected
102,3.403403,far,2,618.000,445.000,2.734563,0.000000,584.154,340.000,655.341,462.231,0.908328,detected
103,3.436770,near,1,324.000,668.000,0.626421,12.111982,293.104,502.924,362.453,684.880,0.911385,detected
103,3.436770,far,2,616.000,447.000,2.716052,0.000000,580.691,340.000,653.719,462.965,0.909683,detected
104,3.470137,near,1,328.000,673.000,0.688320,12.278963,295.506,509.374,366.963,687.003,0.911884,detected
104,3.470137,far,2,615.000,448.000,2.706847,0.000000,578.010,340.537,652.806,463.945,0.909683,detected
105,3.503504,near,1,332.000,679.000,0.754404,12.476533,296.309,511.133,372.228,690.031,0.907152,detected
105,3.503504,far,2,614.000,449.000,2.697676,0.003319,576.670,342.570,652.358,464.479,0.911102,detected
106,3.536870,near,1,334.000,679.000,0.772229,12.476368,298.334,522.671,374.903,692.005,0.916463,detected
106,3.536870,far,2,616.000,451.000,2.729874,0.181804,576.937,345.865,652.746,465.204,0.922681,detected
107,3.570237,near,1,334.000,681.000,0.782129,12.541650,297.175,530.670,376.204,694.734,0.916586,detected
107,3.570237,far,2,616.000,451.000,2.729874,0.181804,576.808,349.068,652.614,465.548,0.917166,detected
108,3.603604,near,1,333.000,679.000,0.763317,12.476451,295.641,533.248,377.615,695.196,0.913506,detected
108,3.603604,far,2,615.000,453.000,2.724146,0.359050,575.125,351.050,651.810,465.700,0.898895,detected
109,3.636970,near,1,330.000,678.000,0.731563,12.443930,291.113,532.233,376.661,695.340,0.918528,detected
109,3.636970,far,2,614.000,451.000,2.704655,0.181852,572.117,353.241,649.881,465.519,0.906599,detected
110,3.670337,near,1,331.000,675.000,0.725396,12.345029,287.326,528.467,376.443,694.028,0.919971,detected
110,3.670337,far,2,613.000,451.000,2.692045,0.181875,568.337,354.055,648.091,464.858,0.914780,detected
111,3.703704,near,1,336.000,671.000,0.750120,12.211653,288.785,523.089,381.754,691.248,0.910042,detected
111,3.703704,far,2,608.000,452.000,2.632603,0.270773,562.245,353.934,645.676,464.840,0.919501,detected
112,3.737070,near,1,343.000,664.000,0.778108,11.975009,299.989,517.507,393.322,683.789,0.904837,detected
112,3.737070,far,2,605.000,455.000,2.605795,0.535245,555.775,354.093,642.939,464.403,0.878427,detected
113,3.770437,near,1,351.000,664.000,0.850814,11.974364,313.826,512.474,407.810,679.537,0.924744,detected
113,3.770437,far,2,604.000,455.000,2.593275,0.535271,547.760,354.048,639.655,464.468,0.869257,detected
114,3.803804,near,1,361.000,660.000,0.922236,11.836692,327.168,506.916,421.949,676.580,0.899671,detected
114,3.803804,far,2,602.000,453.000,2.560807,0.359378,542.218,354.762,637.835,464.348,0.870289,detected
115,3.837171,near,1,375.000,654.000,1.021583,11.627527,339.527,502.898,433.879,673.994,0.910748,detected
115,3.837171,far,2,600.000,452.000,2.531893,0.270968,537.133,354.140,636.708,463.767,0.923140,detected
116,3.870537,near,1,391.000,647.000,1.136406,11.379283,352.388,499.625,443.135,666.545,0.905061,detected
116,3.870537,far,2,599.000,453.000,2.523108,0.359453,533.314,353.029,636.668,463.461,0.924322,detected
117,3.903904,near,1,404.000,645.000,1.248135,11.306841,365.672,497.534,453.328,660.680,0.890409,detected
117,3.903904,far,2,598.000,453.000,2.510541,0.359478,531.215,352.627,636.760,463.053,0.923920,detected
118,3.937271,near,1,418.000,645.000,1.378548,11.305749,376.784,496.310,464.436,661.043,0.905517,detected
118,3.937271,far,2,596.000,453.000,2.485406,0.359529,528.540,352.262,635.941,463.001,0.914815,detected
119,3.970637,near,1,430.000,649.000,1.507075,11.447260,386.453,496.575,475.007,664.260,0.914213,detected
119,3.970637,far,2,595.000,450.000,2.461106,0.093184,529.709,351.095,637.929,462.511,0.919419,detected
120,4.004004,near,1,440.000,654.000,1.619773,11.622375,395.714,496.848,486.327,667.850,0.923373,detected
120,4.004004,far,2,594.000,450.000,2.448468,0.093207,530.605,348.875,640.571,462.698,0.911029,detected
121,4.037371,near,1,448.000,652.000,1.685558,11.551667,404.429,496.562,497.619,668.442,0.931223,detected
121,4.037371,far,2,594.000,449.000,2.444505,0.003760,531.568,346.135,643.517,463.115,0.906830,detected
122,4.070737,near,1,457.000,646.000,1.745575,11.338460,411.431,494.956,508.041,666.803,0.925148,detected
122,4.070737,far,2,595.000,450.000,2.461106,0.093184,534.284,344.379,646.281,462.967,0.916618,detected
123,4.104104,near,1,466.000,642.000,1.814167,11.194167,415.978,491.712,516.729,664.552,0.918167,detected
123,4.104104,far,2,595.000,452.000,2.468942,0.271090,535.894,342.683,647.808,462.939,0.911105,detected
124,4.137471,near,1,474.000,640.000,1.881540,11.121165,421.121,489.596,525.072,662.132,0.924152,detected
124,4.137471,far,2,596.000,451.000,2.477645,0.182277,537.054,341.616,648.635,463.081,0.909356,detected
125,4.170838,near,1,483.000,641.000,1.969459,11.156709,432.263,488.418,537.812,659.044,0.912637,detected
125,4.170838,far,2,599.000,450.000,2.511653,0.093092,538.707,340.915,649.876,463.210,0.897453,detected
126,4.204204,near,1,494.000,643.000,2.079239,11.228036,444.382,487.485,550.774,656.268,0.934397,detected
126,4.204204,far,2,602.000,450.000,2.549561,0.093024,542.918,340.211,652.898,462.997,0.890591,detected
127,4.237571,near,1,505.000,643.000,2.181861,11.227182,455.850,486.290,565.141,654.971,0.844418,detected
127,4.237571,far,2,606.000,450.000,2.600102,0.092932,548.656,340.375,656.128,462.532,0.899708,detected
128,4.270938,near,1,519.000,642.000,2.309339,11.190059,461.865,483.876,574.459,654.794,0.926886,detected
128,4.270938,far,2,609.000,451.000,2.641604,0.181970,553.886,340.507,659.036,461.925,0.917367,detected
129,4.304304,near,1,530.000,635.000,2.391056,10.934187,467.909,480.692,583.442,653.991,0.933397,detected
129,4.304304,far,2,611.000,449.000,2.659707,0.003385,558.391,340.655,661.654,461.452,0.920309,detected
130,4.337671,near,1,542.000,629.000,2.486794,10.710752,473.373,477.072,592.073,652.841,0.914567,detected
130,4.337671,far,2,612.000,451.000,2.679435,0.181899,561.408,341.376,663.394,461.760,0.921203,detected
131,4.371038,near,1,558.000,622.000,2.619694,10.445231,481.062,474.186,601.383,649.797,0.936039,detected
131,4.371038,far,2,613.000,451.000,2.692045,0.181875,563.497,341.819,664.849,462.167,0.910301,detected
132,4.404404,near,1,569.000,615.000,2.706747,10.174883,490.965,472.312,608.699,640.336,0.931535,detected
132,4.404404,far,2,615.000,450.000,2.713805,0.092727,564.211,341.626,665.516,462.622,0.902096,detected
133,4.437771,near,1,580.000,612.000,2.805740,10.056931,500.839,472.289,615.195,631.675,0.925454,detected
133,4.437771,far,2,615.000,449.000,2.710332,0.003297,565.300,341.373,666.418,462.691,0.902709,detected
134,4.471138,near,1,588.000,609.000,2.876255,9.938205,511.035,472.521,623.931,625.698,0.915649,detected
134,4.471138,far,2,616.000,450.000,2.726437,0.092704,565.596,340.571,666.873,462.787,0.902085,detected
135,4.504505,near,1,599.000,607.000,2.979112,9.858089,519.722,473.025,633.669,624.354,0.919544,detected
135,4.504505,far,2,618.000,449.000,2.748299,0.003231,566.517,340.394,667.333,462.691,0.903996,detected
136,4.537871,near,1,609.000,610.000,3.083549,9.976183,527.954,473.251,642.964,623.262,0.917066,detected
136,4.537871,far,2,619.000,449.000,2.760954,0.003209,569.103,340.359,668.991,462.919,0.900196,detected
137,4.571238,near,1,616.000,607.000,3.145632,9.856873,534.912,472.458,651.156,622.111,0.918873,detected
137,4.571238,far,2,622.000,449.000,2.798918,0.003143,572.665,340.029,670.999,462.802,0.905637,detected
138,4.604605,near,1,619.000,604.000,3.168901,9.736831,540.399,471.349,658.337,621.996,0.913374,detected
138,4.604605,far,2,625.000,447.000,2.830366,0.000000,577.291,340.000,673.676,462.801,0.904784,detected
139,4.637971,near,1,623.000,606.000,3.212212,9.816544,544.891,470.309,663.840,621.993,0.916120,detected
139,4.637971,far,2,629.000,447.000,2.881166,0.000000,581.971,340.000,675.948,462.540,0.902011,detected
140,4.671338,near,1,627.000,608.000,3.255272,9.895798,550.112,469.970,669.047,621.495,0.912814,detected
140,4.671338,far,2,631.000,447.000,2.906565,0.000000,585.736,340.000,677.606,462.736,0.899391,detected
141,4.704705,near,1,631.000,607.000,3.292527,9.855799,555.230,470.612,673.399,621.492,0.921726,detected
141,4.704705,far,2,633.000,448.000,2.935038,0.000000,588.579,340.000,678.746,463.514,0.898314,detected
142,4.738071,near,1,634.000,599.000,3.307186,9.533757,561.832,472.174,677.795,620.397,0.917254,detected
142,4.738071,far,2,634.000,450.000,2.953781,0.092293,591.230,340.000,679.524,464.097,0.899373,detected
143,4.771438,near,1,636.000,598.000,3.325161,9.492865,568.779,474.635,682.654,620.504,0.915953,detected
143,4.771438,far,2,634.000,452.000,2.959805,0.270138,593.707,340.000,681.278,466.001,0.903082,detected
144,4.804805,near,1,640.000,602.000,3.371914,9.654887,575.119,477.608,685.722,620.386,0.905963,detected
144,4.804805,far,2,635.000,452.000,2.972387,0.270114,595.588,340.000,682.038,467.445,0.901738,detected
145,4.838172,near,1,643.000,601.000,3.399778,9.614276,581.086,478.459,688.765,619.840,0.897529,detected
145,4.838172,far,2,636.000,454.000,2.990856,0.446630,597.000,341.003,681.845,468.939,0.900299,detected
146,4.871538,near,1,644.000,600.000,3.407942,9.573689,585.753,478.333,690.757,619.123,0.899190,detected
146,4.871538,far,2,637.000,456.000,3.009190,0.621855,599.220,344.410,680.760,469.256,0.903809,detected
147,4.904905,near,1,645.000,600.000,3.417831,9.573620,587.578,476.439,691.567,618.920,0.905907,detected
147,4.904905,far,2,638.000,458.000,3.027391,0.795805,600.868,346.734,680.332,469.861,0.905301,detected
148,4.938272,near,1,648.000,603.000,3.452442,9.694604,586.934,473.456,691.343,619.513,0.907884,detected
148,4.938272,far,2,639.000,456.000,3.034168,0.621800,602.671,348.194,681.109,470.359,0.899446,detected
149,4.971638,near,1,650.000,603.000,3.472134,9.694463,584.524,468.632,690.325,619.310,0.910121,detected
149,4.971638,far,2,643.000,458.000,3.089605,0.795660,605.569,348.782,683.828,470.255,0.900474,detected
150,5.005005,near,1,650.000,603.000,3.472134,9.694463,581.510,464.791,688.970,620.040,0.912473,detected
150,5.005005,far,2,649.000,456.000,3.159043,0.621526,609.067,348.569,688.347,469.901,0.907946,detected
151,5.038372,near,1,650.000,602.000,3.470519,9.654181,578.916,460.597,688.474,620.723,0.910832,detected
151,5.038372,far,2,652.000,456.000,3.196501,0.621443,611.995,347.682,693.298,469.806,0.909354,detected
152,5.071738,near,1,650.000,602.000,3.470519,9.654181,578.213,457.931,688.371,620.511,0.905030,detected
152,5.071738,far,2,652.000,459.000,3.204101,0.881904,611.834,344.556,696.141,469.782,0.901078,detected
153,5.105105,near,1,650.000,602.000,3.470519,9.654181,578.847,456.418,688.634,620.220,0.904251,detected
153,5.105105,far,2,653.000,457.000,3.211506,0.708551,611.942,341.694,698.628,469.384,0.901096,detected
154,5.138472,near,1,650.000,603.000,3.472134,9.694463,579.459,455.812,688.543,620.421,0.903666,detected
154,5.138472,far,2,653.000,457.000,3.211506,0.708551,614.113,341.095,701.811,468.966,0.904776,detected
155,5.171839,near,1,650.000,605.000,3.475350,9.774679,581.605,456.101,689.426,620.925,0.895746,detected
155,5.171839,far,2,656.000,456.000,3.246442,0.621333,617.950,340.822,706.084,468.004,0.886437,detected
156,5.205205,near,1,649.000,611.000,3.475156,10.012668,582.987,457.183,689.663,622.918,0.899918,detected
156,5.205205,far,2,660.000,455.000,3.294009,0.533775,623.655,340.166,712.310,466.995,0.909709,detected
157,5.238572,near,1,648.000,610.000,3.463816,9.973369,584.880,457.770,690.427,624.433,0.894787,detected
157,5.238572,far,2,663.000,452.000,3.324575,0.269431,629.970,340.000,717.668,464.813,0.897417,detected
158,5.271939,near,1,648.000,611.000,3.465422,10.012740,587.062,454.888,692.721,625.409,0.894131,detected
158,5.271939,far,2,666.000,450.000,3.357759,0.091563,638.885,340.000,725.967,463.305,0.912300,detected
159,5.305305,near,1,648.000,614.000,3.470214,10.130183,590.875,457.164,693.289,626.047,0.897089,detected
159,5.305305,far,2,671.000,450.000,3.420859,0.091449,646.794,340.000,734.540,463.806,0.909904,detected
160,5.338672,near,1,648.000,614.000,3.470214,10.130183,593.891,456.544,694.504,626.226,0.909154,detected
160,5.338672,far,2,675.000,450.000,3.471334,0.091358,652.771,340.000,740.685,464.394,0.892829,detected
161,5.372039,near,1,649.000,612.000,3.476744,10.051927,595.733,454.581,695.415,626.355,0.913532,detected
161,5.372039,far,2,684.000,448.000,3.581158,0.000000,655.770,340.000,741.164,464.721,0.832219,detected
162,5.405405,near,1,651.000,612.000,3.496184,10.051782,597.694,452.621,696.395,626.176,0.905139,detected
162,5.405405,far,2,688.000,447.000,3.630025,0.000000,662.026,340.000,743.884,464.285,0.792008,detected
163,5.438772,near,1,650.000,609.000,3.481728,9.933742,599.120,450.798,696.948,625.965,0.912912,detected
163,5.438772,far,2,697.000,448.000,3.745756,0.000000,667.872,340.000,746.312,462.833,0.819212,detected
164,5.472139,near,1,652.000,608.000,3.499691,9.894003,600.900,449.909,697.614,625.970,0.915809,detected
164,5.472139,far,2,702.000,450.000,3.811944,0.090742,671.921,340.000,747.541,461.453,0.840905,detected
165,5.505506,near,1,653.000,607.000,3.507915,9.854223,603.077,449.735,698.181,625.428,0.920108,detected
165,5.505506,far,2,710.000,449.000,3.911576,0.001205,677.856,340.000,752.411,460.925,0.874879,detected
166,5.538872,near,1,655.000,606.000,3.525966,9.814259,605.563,450.937,698.349,623.987,0.916469,detected
166,5.538872,far,2,717.000,448.000,3.998906,0.000000,684.535,340.000,758.762,459.764,0.876267,detected
167,5.572239,near,1,658.000,608.000,3.558338,9.893573,608.352,453.805,699.392,624.164,0.915359,detected
167,5.572239,far,2,726.000,447.000,4.111901,0.000000,691.306,340.000,767.035,459.960,0.905846,detected
168,5.605606,near,1,662.000,609.000,3.598854,9.932878,611.426,457.970,702.404,627.765,0.918335,detected
168,5.605606,far,2,734.000,446.000,4.212598,0.000000,700.318,340.000,779.577,460.943,0.826675,detected
169,5.638972,near,1,664.000,613.000,3.623903,10.089984,614.891,463.060,705.803,630.800,0.915470,detected
169,5.638972,far,2,738.000,448.000,4.264611,0.000000,711.922,340.000,795.865,461.166,0.895167,detected
170,5.672339,near,1,665.000,619.000,3.641704,10.322470,618.085,469.231,708.119,632.752,0.929837,detected
170,5.672339,far,2,741.000,448.000,4.302560,0.000000,706.852,340.000,792.074,461.604,0.911898,detected
171,5.705706,near,1,665.000,619.000,3.641704,10.322470,620.098,474.108,709.338,633.324,0.935048,detected
171,5.705706,far,2,742.000,449.000,4.315724,0.000501,706.276,340.000,791.537,460.249,0.915670,detected
172,5.739072,near,1,665.000,618.000,3.640364,10.283982,622.142,475.626,712.099,633.651,0.932408,detected
172,5.739072,far,2,746.000,449.000,4.366225,0.000413,707.464,340.049,792.222,459.544,0.912761,detected
173,5.772439,near,1,667.000,616.000,3.656998,10.206536,623.488,473.793,715.617,633.031,0.927621,detected
173,5.772439,far,2,748.000,447.000,4.390724,0.000000,710.064,340.477,793.163,458.746,0.910291,detected
174,5.805806,near,1,671.000,614.000,3.693104,10.128509,623.941,470.093,718.855,631.917,0.917105,detected
174,5.805806,far,2,749.000,445.000,4.402686,0.000000,712.293,340.971,793.527,458.265,0.913345,detected
175,5.839173,near,1,678.000,611.000,3.757374,10.010571,630.950,466.099,727.093,628.096,0.917447,detected
175,5.839173,far,2,752.000,447.000,4.441407,0.000000,714.947,340.901,795.448,458.506,0.901481,detected
176,5.872539,near,1,686.000,609.000,3.833044,9.931152,635.982,462.417,734.535,626.986,0.922774,detected
176,5.872539,far,2,750.000,446.000,4.415736,0.000000,715.102,340.487,794.390,458.382,0.894059,detected
177,5.905906,near,1,696.000,601.000,3.922949,9.610544,640.610,459.459,739.495,622.944,0.917976,detected
177,5.905906,far,2,752.000,448.000,4.441689,0.000000,717.308,340.361,795.627,458.688,0.898158,detected
178,5.939273,near,1,706.000,596.000,4.017459,9.406146,644.239,457.904,743.115,618.404,0.926544,detected
178,5.939273,far,2,751.000,447.000,4.428736,0.000000,717.936,340.154,794.599,457.719,0.900118,detected
179,5.972639,near,1,712.000,600.000,4.080067,9.568915,646.264,457.101,747.143,618.811,0.927639,detected
179,5.972639,far,2,748.000,448.000,4.391100,0.000000,717.181,340.083,792.659,457.477,0.901422,detected
180,6.006006,near,1,720.000,604.000,4.161592,9.729660,649.125,457.363,751.941,619.501,0.921189,detected
180,6.006006,far,2,745.000,447.000,4.352709,0.000000,714.392,340.121,788.419,457.362,0.905488,detected
181,6.039373,near,1,725.000,607.000,4.212341,9.849072,650.484,457.513,754.261,619.414,0.926351,detected
181,6.039373,far,2,742.000,447.000,4.314693,0.000000,711.426,340.029,784.017,457.057,0.910294,detected
182,6.072739,near,1,730.000,605.000,4.260278,9.768987,652.926,457.528,758.041,619.486,0.930427,detected
182,6.072739,far,2,738.000,445.000,4.262774,0.000000,709.411,340.000,780.758,456.322,0.886656,detected
183,6.106106,near,1,733.000,604.000,4.289258,9.728738,655.166,456.708,762.134,619.338,0.925771,detected
183,6.106106,far,2,731.000,446.000,4.174503,0.000000,707.418,340.000,777.785,455.331,0.880768,detected
184,6.139473,near,1,736.000,601.000,4.317526,9.607729,658.153,455.386,767.175,619.114,0.918175,detected
184,6.139473,far,2,727.000,446.000,4.123706,0.000000,704.355,340.000,774.652,456.032,0.874467,detected
185,6.172840,near,1,739.000,599.000,4.346396,9.526407,662.855,454.172,773.096,617.738,0.918545,detected
185,6.172840,far,2,722.000,447.000,4.061193,0.000000,701.633,340.000,771.431,455.764,0.885465,detected
186,6.206206,near,1,743.000,598.000,4.385652,9.485396,668.214,455.264,777.755,615.830,0.914670,detected
186,6.206206,far,2,714.000,449.000,3.962108,0.001117,697.458,340.000,769.046,459.593,0.891798,detected
187,6.239573,near,1,748.000,597.000,4.434937,9.444200,675.382,456.087,784.463,614.065,0.926678,detected
187,6.239573,far,2,708.000,449.000,3.886309,0.001249,693.497,340.000,765.632,461.333,0.848643,detected
188,6.272940,near,1,751.000,597.000,4.464687,9.443991,681.329,458.090,788.071,611.292,0.917306,detected
188,6.272940,far,2,702.000,451.000,3.813383,0.179774,688.967,340.245,762.007,462.784,0.888627,detected
189,6.306306,near,1,755.000,596.000,4.504221,9.402748,686.018,459.271,790.915,609.059,0.911504,detected
189,6.306306,far,2,696.000,451.000,3.737845,0.179916,683.668,340.733,757.674,463.840,0.896555,detected
190,6.339673,near,1,757.000,596.000,4.524082,9.402609,688.578,459.580,792.489,607.873,0.902983,detected
190,6.339673,far,2,691.000,454.000,3.679934,0.445203,679.331,342.447,754.478,465.338,0.871853,detected
191,6.373040,near,1,760.000,594.000,4.553754,9.320115,690.117,458.376,793.560,606.239,0.902616,detected
191,6.373040,far,2,688.000,453.000,3.640622,0.357212,676.319,344.590,752.304,465.712,0.894167,detected
192,6.406406,near,1,761.000,592.000,4.563623,9.237281,690.778,455.906,794.678,604.801,0.907574,detected
192,6.406406,far,2,686.000,456.000,3.620879,0.620509,672.473,347.125,750.713,468.200,0.900216,detected
193,6.439773,near,1,761.000,591.000,4.563579,9.195717,690.043,452.520,795.607,604.417,0.910601,detected
193,6.439773,far,2,684.000,457.000,3.597739,0.707676,669.841,348.997,749.785,469.247,0.904062,detected
194,6.473140,near,1,760.000,591.000,4.553577,9.195785,687.733,448.332,796.010,604.633,0.907752,detected
194,6.473140,far,2,682.000,456.000,3.570966,0.620619,667.496,350.110,749.180,470.076,0.908806,detected
195,6.506507,near,1,759.000,588.000,4.543352,9.070427,686.178,444.255,796.310,603.900,0.903150,detected
195,6.506507,far,2,684.000,457.000,3.597739,0.707676,665.967,350.273,748.937,469.717,0.879138,detected
196,6.539873,near,1,758.000,587.000,4.533216,9.028440,684.404,441.270,795.644,603.149,0.908735,detected
196,6.539873,far,2,683.000,459.000,3.588939,0.880983,664.269,349.757,748.892,469.828,0.902045,detected
197,6.573240,near,1,754.000,586.000,4.492821,8.986530,681.489,439.040,792.952,602.389,0.904905,detected
197,6.573240,far,2,679.000,460.000,3.541203,0.967273,663.214,348.235,750.220,470.211,0.903467,detected
198,6.606607,near,1,752.000,586.000,4.472667,8.986665,679.242,438.275,789.891,601.566,0.908192,detected
198,6.606607,far,2,678.000,455.000,3.519091,0.533294,662.734,346.674,751.672,470.110,0.901579,detected
199,6.639973,near,1,749.000,584.000,4.441988,8.902131,678.316,438.267,787.339,600.207,0.895963,detected
199,6.639973,far,2,677.000,454.000,3.504599,0.445566,656.627,344.633,745.787,470.108,0.661158,detected
200,6.673340,near,1,744.000,587.000,4.392344,9.029384,677.516,439.837,784.513,599.861,0.904211,detected
200,6.673340,far,2,681.000,452.000,3.550884,0.268992,661.778,343.383,752.787,470.152,0.791617,detected
201,6.706707,near,1,743.000,588.000,4.382591,9.071509,676.947,442.038,782.238,600.374,0.912623,detected
201,6.706707,far,2,685.000,457.000,3.610194,0.707648,664.265,342.695,757.470,471.686,0.881550,detected
202,6.740073,near,1,740.000,590.000,4.353152,9.155460,675.565,444.158,780.753,602.905,0.911061,detected
202,6.740073,far,2,688.000,463.000,3.657776,1.223635,666.606,343.590,761.495,474.672,0.917725,detected
203,6.773440,near,1,739.000,592.000,4.343865,9.238789,674.614,445.737,779.954,605.165,0.917324,detected
203,6.773440,far,2,686.000,464.000,3.634861,1.308633,669.967,345.282,764.747,476.315,0.912057,detected
204,6.806807,near,1,737.000,592.000,4.323883,9.238925,673.295,446.324,779.026,606.399,0.921283,detected
204,6.806807,far,2,693.000,460.000,3.714627,0.966847,675.457,348.505,768.219,477.136,0.871439,detected
205,6.840174,near,1,737.000,594.000,4.324670,9.321701,672.044,446.709,778.455,607.175,0.913075,detected
205,6.840174,far,2,699.000,465.000,3.796154,1.392818,680.457,351.504,771.174,477.365,0.890955,detected
206,6.873540,near,1,734.000,594.000,4.294784,9.321908,668.647,443.949,776.984,607.295,0.898413,detected
206,6.873540,far,2,704.000,469.000,3.862762,1.728096,684.358,354.645,773.031,476.945,0.852771,detected
207,6.906907,near,1,732.000,594.000,4.274858,9.322045,665.035,441.501,774.326,606.935,0.902106,detected
207,6.906907,far,2,703.000,467.000,3.847921,1.561007,687.673,357.057,774.652,475.653,0.824414,detected
208,6.940274,near,1,726.000,591.000,4.213418,9.198108,661.552,440.170,771.006,606.757,0.891713,detected
208,6.940274,far,2,715.000,471.000,3.998901,1.893616,697.696,360.528,779.321,471.351,0.808448,detected
209,6.973640,near,1,723.000,593.000,4.184593,9.281336,655.006,437.139,764.356,606.503,0.911150,detected
209,6.973640,far,2,724.000,491.000,4.124788,3.489903,684.687,361.942,783.476,502.900,0.777381,detected
210,7.007007,near,1,717.000,591.000,4.123347,9.198723,651.609,433.647,761.132,606.286,0.905697,detected
210,7.007007,far,2,725.000,487.000,4.133354,3.179337,687.947,365.626,782.052,505.574,0.775181,detected
211,7.040374,near,1,711.000,587.000,4.060170,9.031611,648.153,431.413,757.555,606.823,0.903993,detected
211,7.040374,far,2,738.000,495.000,4.290946,3.795454,697.691,369.996,789.703,509.292,0.869846,detected
212,7.073740,near,1,706.000,587.000,4.009827,9.031948,646.191,430.316,754.565,606.805,0.895049,detected
212,7.073740,far,2,741.000,494.000,4.325405,3.719123,703.453,375.273,789.103,507.630,0.858154,detected
213,7.107107,near,1,701.000,587.000,3.959479,9.032286,644.149,430.501,751.379,607.454,0.909082,detected
213,7.107107,far,2,738.000,492.000,4.289392,3.566151,706.272,382.128,785.396,507.173,0.858331,detected
214,7.140474,near,1,697.000,588.000,3.920190,9.074624,642.549,432.355,747.315,606.773,0.904858,detected
214,7.140474,far,2,735.000,489.000,4.252543,3.334633,707.721,388.286,780.627,506.502,0.813739,detected
215,7.173841,near,1,691.000,589.000,3.860930,9.116977,641.204,435.638,743.644,607.082,0.912067,detected
215,7.173841,far,2,731.000,485.000,4.202814,3.022185,709.216,395.442,776.951,506.744,0.877426,detected
216,7.207207,near,1,687.000,591.000,3.823024,9.200773,638.989,439.054,739.234,607.341,0.917228,detected
216,7.207207,far,2,734.000,486.000,4.238953,3.100608,708.340,398.494,773.460,507.011,0.872782,detected
217,7.240574,near,1,685.000,594.000,3.806453,9.325288,637.644,444.634,735.443,608.795,0.927725,detected
217,7.240574,far,2,734.000,489.000,4.240783,3.334682,707.986,399.521,772.066,507.910,0.872764,detected
218,7.273941,near,1,683.000,596.000,3.788858,9.407743,636.365,450.340,732.216,610.106,0.933247,detected
218,7.273941,far,2,732.000,485.000,4.214655,3.022137,705.854,399.621,769.790,507.838,0.892645,detected
219,7.307307,near,1,680.000,598.000,3.761453,9.489793,634.067,456.361,728.188,610.909,0.928671,detected
219,7.307307,far,2,733.000,485.000,4.226497,3.022090,705.828,399.381,769.566,507.400,0.883307,detected
220,7.340674,near,1,680.000,599.000,3.762656,9.530536,631.220,460.905,725.145,612.428,0.927772,detected
220,7.340674,far,2,736.000,488.000,4.263735,3.256828,707.019,399.233,770.209,507.320,0.867755,detected
221,7.374041,near,1,681.000,600.000,3.773740,9.571092,627.064,463.192,722.415,614.645,0.914609,detected
221,7.374041,far,2,738.000,488.000,4.287293,3.256730,708.124,397.392,771.518,507.473,0.859169,detected
222,7.407407,near,1,682.000,599.000,3.782452,9.530396,623.747,463.660,720.826,616.492,0.918579,detected
222,7.407407,far,2,738.000,487.000,4.286765,3.178708,707.215,391.462,772.731,507.055,0.881731,detected
223,7.440774,near,1,681.000,605.000,3.779619,9.772472,621.280,463.304,719.763,618.765,0.918188,detected
223,7.440774,far,2,738.000,486.000,4.286234,3.100416,704.528,387.635,770.930,506.474,0.909959,detected
224,7.474141,near,1,680.000,607.000,3.772161,9.852291,620.170,462.802,719.000,619.717,0.918113,detected
224,7.474141,far,2,739.000,484.000,4.297028,2.942973,702.674,383.941,770.344,505.849,0.917452,detected
225,7.507508,near,1,679.000,608.000,3.763563,9.892066,618.795,463.113,717.053,620.289,0.918307,detected
225,7.507508,far,2,739.000,484.000,4.297028,2.942973,702.621,379.739,771.190,503.110,0.886114,detected
226,7.540874,near,1,679.000,606.000,3.761186,9.812546,617.995,461.936,716.239,620.488,0.919616,detected
226,7.540874,far,2,741.000,491.000,4.324025,3.489041,701.773,375.131,774.172,505.263,0.917251,detected
227,7.574241,near,1,677.000,606.000,3.741587,9.812689,616.588,460.487,714.318,620.331,0.912445,detected
227,7.574241,far,2,742.000,487.000,4.333961,3.178514,700.729,371.479,775.479,505.513,0.932461,detected
228,7.607608,near,1,674.000,606.000,3.712189,9.812902,615.250,458.120,712.496,620.257,0.921958,detected
228,7.607608,far,2,740.000,485.000,4.309381,3.021760,699.460,365.863,776.258,503.521,0.923053,detected
229,7.640974,near,1,667.000,605.000,3.642224,9.773469,612.631,456.172,708.743,619.568,0.908801,detected
229,7.640974,far,2,735.000,486.000,4.250773,3.100560,697.412,362.644,775.535,502.808,0.915821,detected
230,7.674341,near,1,662.000,606.000,3.594580,9.813759,607.885,454.513,704.120,622.036,0.903923,detected
230,7.674341,far,2,732.000,484.000,4.213998,2.943299,695.489,360.225,773.756,500.956,0.905212,detected
231,7.707708,near,1,656.000,605.000,3.534252,9.774252,604.094,453.630,698.616,622.014,0.893623,detected
231,7.707708,far,2,729.000,484.000,4.178411,2.943439,693.099,357.451,771.212,498.904,0.891776,detected
232,7.741074,near,1,648.000,609.000,3.462205,9.933886,599.625,454.058,692.636,623.753,0.878519,detected
232,7.741074,far,2,726.000,482.000,4.141252,2.785072,690.044,354.564,767.900,497.083,0.878239,detected
233,7.774441,near,1,640.000,614.000,3.392670,10.130766,594.776,456.978,685.823,627.473,0.880915,detected
233,7.774441,far,2,723.000,479.000,4.102974,2.545365,686.830,352.339,764.132,495.352,0.891867,detected
234,7.807808,near,1,632.000,618.000,3.322317,10.286409,590.177,461.031,679.417,632.511,0.898763,detected
234,7.807808,far,2,718.000,478.000,4.042169,2.465072,683.874,351.035,759.922,493.261,0.891070,detected
235,7.841175,near,1,625.000,621.000,3.260464,10.402083,585.212,466.316,671.815,637.251,0.902531,detected
235,7.841175,far,2,712.000,475.000,3.966931,2.222083,681.419,350.624,756.243,491.592,0.902130,detected
236,7.874541,near,1,618.000,626.000,3.203006,10.592401,579.837,472.143,662.957,640.725,0.884602,detected
236,7.874541,far,2,706.000,475.000,3.894600,2.222328,678.401,351.026,752.212,490.770,0.897014,detected
237,7.907908,near,1,611.000,625.000,3.134229,10.555176,574.167,476.905,654.914,643.426,0.887469,detected
237,7.907908,far,2,700.000,477.000,3.824971,2.385037,675.163,351.920,748.461,490.872,0.905504,detected
238,7.941275,near,1,605.000,628.000,3.083251,10.668561,570.160,481.338,649.621,646.395,0.890306,detected
238,7.941275,far,2,696.000,477.000,3.776911,2.385206,671.618,353.295,744.236,490.866,0.900875,detected
239,7.974641,near,1,599.000,630.000,3.030531,10.743785,563.567,483.468,644.512,649.934,0.908900,detected
239,7.974641,far,2,692.000,468.000,3.714962,1.645117,667.915,353.344,740.437,490.833,0.898920,detected
240,8.008008,near,1,594.000,636.000,2.996379,10.966020,557.437,484.505,641.230,653.500,0.903792,detected
240,8.008008,far,2,688.000,471.000,3.671061,1.894648,664.286,353.954,736.452,490.818,0.895633,detected
241,8.041375,near,1,589.000,641.000,2.960558,11.148514,550.076,485.533,639.122,662.336,0.913171,detected
241,8.041375,far,2,683.000,474.000,3.615539,2.141595,659.657,352.737,732.264,490.799,0.896628,detected
242,8.074741,near,1,582.000,648.000,2.911217,11.399885,542.372,491.977,632.216,666.793,0.909435,detected
242,8.074741,far,2,680.000,474.000,3.579292,2.141716,655.491,351.253,727.934,489.839,0.895723,detected
243,8.108108,near,1,569.000,648.000,2.790884,11.400903,528.774,489.269,622.336,668.786,0.911062,detected
243,8.108108,far,2,678.000,472.000,3.551448,1.977577,652.201,350.072,723.796,487.927,0.882431,detected
244,8.141475,near,1,560.000,653.000,2.720222,11.577902,514.631,489.204,608.705,669.592,0.903361,detected
244,8.141475,far,2,673.000,470.000,3.486895,1.812377,648.870,349.565,719.596,486.430,0.895893,detected
245,8.174842,near,1,555.000,652.000,2.671659,11.543227,503.948,489.822,596.502,669.641,0.895960,detected
245,8.174842,far,2,670.000,470.000,3.450384,1.812490,645.035,349.459,715.551,486.245,0.889836,detected
246,8.208208,near,1,540.000,650.000,2.527954,11.473981,493.524,492.709,583.464,669.179,0.766321,detected
246,8.208208,far,2,667.000,468.000,3.409661,1.646021,641.998,348.841,712.047,484.907,0.900698,detected
247,8.241575,near,1,536.000,647.000,2.482473,11.367937,482.190,492.843,570.923,668.788,0.892780,detected
247,8.241575,far,2,664.000,461.000,3.357579,1.053602,639.073,348.591,707.752,482.319,0.886428,detected
248,8.274942,near,1,527.000,647.000,2.399002,11.368641,473.068,490.634,562.680,668.617,0.904639,detected
248,8.274942,far,2,660.000,460.000,3.305770,0.967852,636.312,346.114,704.888,480.055,0.885966,detected
249,8.308308,near,1,518.000,646.000,2.312433,11.333697,468.580,489.234,557.673,663.763,0.905397,detected
249,8.308308,far,2,658.000,458.000,3.276214,0.795225,633.554,344.826,701.424,477.218,0.861293,detected
250,8.341675,near,1,509.000,639.000,2.206177,11.082129,460.020,475.828,555.185,658.799,0.923882,detected
250,8.341675,far,2,654.000,460.000,3.231406,0.968035,629.979,342.447,697.500,474.914,0.868222,detected
251,8.375042,near,1,503.000,634.000,2.133065,10.899414,448.922,456.740,553.769,653.275,0.916416,detected
251,8.375042,far,2,651.000,457.000,3.186580,0.708607,627.695,341.040,695.024,473.408,0.869732,detected
252,8.408408,near,1,493.000,626.000,2.010134,10.601774,439.844,449.709,550.209,647.872,0.927284,detected
252,8.408408,far,2,648.000,455.000,3.143913,0.534095,624.376,340.000,691.549,472.384,0.892919,detected
253,8.441775,near,1,487.000,623.000,1.941738,10.488599,430.677,451.963,545.076,646.104,0.920565,detected
253,8.441775,far,2,645.000,454.000,3.103662,0.446396,620.344,340.000,687.276,471.193,0.893085,detected
254,8.475142,near,1,485.000,632.000,1.955771,10.826802,422.846,459.975,542.345,652.167,0.924426,detected
254,8.475142,far,2,642.000,451.000,3.057630,0.181190,614.887,340.195,681.571,469.241,0.896975,detected
255,8.508509,near,1,479.000,644.000,1.942884,11.265145,414.806,476.482,537.319,662.976,0.925742,detected
255,8.508509,far,2,639.000,451.000,3.019820,0.181261,609.520,340.969,676.677,468.016,0.897307,detected
256,8.541875,near,1,470.000,658.000,1.910078,11.759016,404.901,492.349,532.526,678.094,0.929159,detected
256,8.541875,far,2,638.000,451.000,3.007216,0.181285,604.843,342.920,672.341,467.489,0.926267,detected
257,8.575242,near,1,467.000,675.000,1.942758,12.333900,396.065,509.879,526.762,692.560,0.935539,detected
257,8.575242,far,2,637.000,452.000,2.997549,0.270065,601.888,346.051,669.325,467.236,0.928542,detected
258,8.608609,near,1,461.000,682.000,1.913570,12.563675,387.463,529.033,515.406,699.420,0.928266,detected
258,8.608609,far,2,636.000,453.000,2.987917,0.358521,600.646,350.345,667.460,467.134,0.923035,detected
259,8.641975,near,1,457.000,686.000,1.892088,12.693172,381.786,540.021,508.574,701.989,0.915501,detected
259,8.641975,far,2,635.000,454.000,2.978321,0.446656,599.626,353.789,666.209,467.229,0.926248,detected
260,8.675342,near,1,454.000,685.000,1.862122,12.661254,383.501,546.861,507.663,702.144,0.895810,detected
260,8.675342,far,2,633.000,454.000,2.953250,0.446707,598.364,356.281,664.831,467.113,0.919572,detected
261,8.708709,near,1,445.000,686.000,1.786269,12.694168,376.915,550.943,500.645,703.017,0.917321,detected
261,8.708709,far,2,631.000,454.000,2.928178,0.446759,595.873,356.380,662.916,466.992,0.905292,detected
262,8.742075,near,1,438.000,687.000,1.728219,12.726835,373.095,553.048,495.214,702.753,0.920745,detected
262,8.742075,far,2,629.000,454.000,2.903105,0.446811,594.018,354.440,662.586,466.978,0.902655,detected
263,8.775442,near,1,432.000,686.000,1.671613,12.695247,371.014,554.374,491.254,702.563,0.918766,detected
263,8.775442,far,2,629.000,453.000,2.900005,0.358697,593.383,352.886,663.090,466.964,0.899471,detected
264,8.808809,near,1,432.000,686.000,1.671613,12.695247,370.769,554.502,489.834,702.251,0.919993,detected
264,8.808809,far,2,631.000,452.000,2.922059,0.270211,593.033,348.107,665.301,466.633,0.865159,detected
265,8.842176,near,1,433.000,686.000,1.680434,12.695164,370.772,552.836,489.900,702.069,0.925280,detected
265,8.842176,far,2,635.000,452.000,2.972387,0.270114,591.258,344.168,665.779,465.454,0.839586,detected
266,8.875542,near,1,434.000,685.000,1.685513,12.662911,370.231,550.037,490.200,702.012,0.922455,detected
266,8.875542,far,2,640.000,451.000,3.032423,0.181237,593.785,341.217,669.721,465.179,0.774404,detected
267,8.908909,near,1,434.000,686.000,1.689254,12.695081,370.631,546.354,491.734,701.515,0.920003,detected
267,8.908909,far,2,645.000,451.000,3.095438,0.181119,604.338,340.112,679.227,465.502,0.851025,detected
268,8.942276,near,1,434.000,683.000,1.678003,12.598323,370.000,541.396,493.028,701.237,0.915350,detected
268,8.942276,far,2,651.000,450.000,3.168425,0.091905,615.271,340.000,687.324,464.706,0.824411,detected
269,8.975642,near,1,434.000,681.000,1.670454,12.533400,368.831,535.494,493.642,700.153,0.912065,detected
269,8.975642,far,2,659.000,447.000,3.262046,0.000000,626.174,340.000,694.731,462.980,0.809866,detected
270,9.009009,near,1,436.000,677.000,1.673085,12.402376,370.282,530.369,496.347,698.722,0.911498,detected
270,9.009009,far,2,667.000,446.000,3.361294,0.000000,616.034,340.000,685.824,461.265,0.858075,detected
271,9.042376,near,1,437.000,672.000,1.662940,12.236794,375.085,525.579,501.336,696.029,0.922192,detected
271,9.042376,far,2,677.000,440.000,3.475971,0.000000,616.578,340.000,686.281,459.121,0.856014,detected
272,9.075742,near,1,443.000,670.000,1.709274,12.169498,383.255,522.153,507.752,691.915,0.909810,detected
272,9.075742,far,2,682.000,446.000,3.551978,0.000000,628.182,340.000,696.352,457.999,0.845658,detected
273,9.109109,near,1,448.000,670.000,1.754296,12.169092,394.946,519.767,516.079,687.456,0.922356,detected
273,9.109109,far,2,684.000,448.000,3.581158,0.000000,635.996,340.000,703.715,458.050,0.847510,detected
274,9.142476,near,1,457.000,670.000,1.835329,12.168362,405.111,517.778,523.906,684.888,0.927233,detected
274,9.142476,far,2,688.000,447.000,3.630025,0.000000,645.705,340.000,712.419,457.882,0.886820,detected
275,9.175843,near,1,465.000,668.000,1.900278,12.100558,413.134,515.897,530.467,683.319,0.928897,detected
275,9.175843,far,2,693.000,447.000,3.693450,0.000000,653.311,340.000,719.612,458.060,0.908755,detected
276,9.209209,near,1,474.000,666.000,1.974611,12.032324,420.579,512.785,537.433,682.120,0.922576,detected
276,9.209209,far,2,696.000,447.000,3.731501,0.000000,658.271,340.000,724.348,458.333,0.903505,detected
277,9.242576,near,1,481.000,666.000,2.037949,12.031759,428.855,509.454,545.150,681.241,0.918946,detected
277,9.242576,far,2,698.000,444.000,3.752190,0.000000,662.332,340.000,727.947,457.404,0.894784,detected
278,9.275943,near,1,496.000,663.000,2.164034,11.928627,437.026,505.436,553.111,680.419,0.929654,detected
278,9.275943,far,2,703.000,438.000,3.807163,0.000000,667.382,340.000,731.820,454.808,0.893933,detected
279,9.309309,near,1,508.000,657.000,2.254415,11.721378,445.287,501.751,560.614,679.366,0.926940,detected
279,9.309309,far,2,710.000,439.000,3.898745,0.000000,674.524,340.000,737.195,452.925,0.871057,detected
280,9.342676,near,1,516.000,650.000,2.306256,11.475867,453.563,498.605,565.719,674.035,0.914502,detected
280,9.342676,far,2,717.000,433.000,3.981932,0.000000,683.709,340.000,742.923,450.076,0.836693,detected
281,9.376043,near,1,525.000,645.000,2.374445,11.297408,462.981,496.588,570.112,665.807,0.912442,detected
281,9.376043,far,2,724.000,429.000,4.069046,0.000000,690.650,340.000,746.798,448.755,0.785504,detected
282,9.409409,near,1,531.000,645.000,2.430246,11.296941,472.376,495.923,574.966,659.338,0.919796,detected
282,9.409409,far,2,727.000,431.000,4.110241,0.000000,696.862,340.000,750.021,447.035,0.765558,detected
283,9.442776,near,1,539.000,645.000,2.504640,11.296317,480.879,493.706,581.862,656.411,0.920202,detected
283,9.442776,far,2,732.000,428.000,4.173144,0.000000,704.039,340.000,754.787,443.787,0.740913,detected
284,9.476143,near,1,545.000,642.000,2.552120,11.188045,492.110,490.112,592.133,654.904,0.912547,detected
284,9.476143,far,2,738.000,427.000,4.251306,0.000000,711.096,340.000,761.195,442.280,0.802103,detected
285,9.509510,near,1,550.000,633.000,2.574035,10.858897,501.308,485.901,600.540,653.712,0.926894,detected
285,9.509510,far,,737.000,426.000,4.237459,0.000000,,,,,0.000000,tracked
286,9.542876,near,1,557.000,636.000,2.648242,10.968851,509.041,482.370,607.112,651.898,0.922824,detected
286,9.542876,far,,736.000,425.000,4.223558,0.000000,,,,,0.000000,tracked
287,9.576243,near,1,565.000,633.000,2.715792,10.857756,513.874,479.249,611.262,651.435,0.918578,detected
287,9.576243,far,,736.000,424.000,4.222841,0.000000,,,,,0.000000,tracked
288,9.609610,near,1,572.000,627.000,2.766818,10.633499,520.360,477.390,613.289,644.092,0.917435,detected
288,9.609610,far,,736.000,424.000,4.222841,0.000000,,,,,0.000000,tracked
289,9.642976,near,1,579.000,628.000,2.835951,10.670518,528.342,476.456,619.925,640.730,0.925640,detected
289,9.642976,far,,736.000,424.000,4.222841,0.000000,,,,,0.000000,tracked
290,9.676343,near,1,585.000,627.000,2.890664,10.632523,535.941,476.755,627.978,640.579,0.931211,detected
290,9.676343,far,,736.000,424.000,4.222841,0.000000,,,,,0.000000,tracked
291,9.709710,near,1,590.000,628.000,2.940589,10.669690,543.107,478.302,635.255,640.172,0.931514,detected
291,9.709710,far,,736.000,424.000,4.222841,0.000000,,,,,0.000000,tracked
292,9.743076,near,1,595.000,627.000,2.985914,10.631771,550.613,481.420,642.959,640.737,0.929679,detected
292,9.743076,far,,736.000,424.000,4.222841,0.000000,,,,,0.000000,tracked
293,9.776443,near,1,600.000,631.000,3.042163,10.780940,556.235,485.666,649.316,643.517,0.921593,detected
293,9.776443,far,,736.000,424.000,4.222841,0.000000,,,,,0.000000,tracked
294,9.809810,near,1,602.000,632.000,3.063221,10.817916,559.796,491.198,651.789,644.425,0.917921,detected
294,9.809810,far,,736.000,424.000,4.222841,0.000000,,,,,0.000000,tracked
295,9.843177,near,1,603.000,635.000,3.078954,10.928611,560.188,495.974,652.159,646.288,0.925433,detected
295,9.843177,far,,,,,,,,,,0.000000,missing
296,9.876543,near,1,603.000,636.000,3.081033,10.965331,559.376,498.992,651.812,646.723,0.923012,detected
296,9.876543,far,,,,,,,,,,0.000000,missing
297,9.909910,near,1,604.000,635.000,3.088372,10.928535,559.473,500.021,652.966,646.787,0.919568,detected
297,9.909910,far,,,,,,,,,,0.000000,missing
298,9.943277,near,1,603.000,634.000,3.076868,10.891788,558.573,499.106,653.988,646.271,0.922240,detected
298,9.943277,far,,,,,,,,,,0.000000,missing
299,9.976643,near,1,602.000,632.000,3.063221,10.817916,555.085,497.207,653.554,646.200,0.919015,detected
299,9.976643,far,,,,,,,,,,0.000000,missing
300,10.010010,near,1,599.000,625.000,3.019634,10.556073,548.849,494.836,650.205,644.265,0.920688,detected
300,10.010010,far,,,,,,,,,,0.000000,missing
301,10.043377,near,1,593.000,622.000,2.955476,10.442631,537.144,492.652,642.346,642.548,0.917494,detected
301,10.043377,far,,,,,,,,,,0.000000,missing
302,10.076743,near,1,590.000,621.000,2.924364,10.404676,521.910,492.364,631.162,641.786,0.905843,detected
302,10.076743,far,,,,,,,,,,0.000000,missing
303,10.110110,near,1,587.000,617.000,2.885969,10.251112,503.649,493.038,617.413,641.074,0.899128,detected
303,10.110110,far,,,,,,,,,,0.000000,missing
304,10.143477,near,1,581.000,614.000,2.820506,10.135067,490.428,495.008,605.552,636.641,0.933717,detected
304,10.143477,far,,,,,,,,,,0.000000,missing
305,10.176844,near,1,578.000,613.000,2.788844,10.096236,474.491,496.077,592.472,633.098,0.930768,detected
305,10.176844,far,,,,,,,,,,0.000000,missing
306,10.210210,near,1,571.000,612.000,2.718169,10.057584,459.712,496.764,580.151,628.711,0.942768,detected
306,10.210210,far,,,,,,,,,,0.000000,missing
307,10.243577,near,1,567.000,610.000,2.673791,9.979215,446.517,495.147,570.677,625.076,0.939419,detected
307,10.243577,far,,,,,,,,,,0.000000,missing
308,10.276944,near,1,560.000,609.000,2.602638,9.940222,434.750,492.077,564.521,623.057,0.934278,detected
308,10.276944,far,,,,,,,,,,0.000000,missing
309,10.310310,near,1,554.000,608.000,2.541063,9.901041,425.033,489.055,559.692,621.978,0.933217,detected
309,10.310310,far,,,,,,,,,,0.000000,missing
310,10.343677,near,1,546.000,603.000,2.447417,9.701834,412.944,485.250,552.503,621.372,0.932271,detected
310,10.343677,far,,,,,,,,,,0.000000,missing
311,10.377044,near,1,538.000,600.000,2.358881,9.581141,403.310,482.104,546.902,621.138,0.934711,detected
311,10.377044,far,,,,,,,,,,0.000000,missing
312,10.410410,near,1,521.000,604.000,2.204297,9.743797,396.856,479.542,543.864,621.190,0.942500,detected
312,10.410410,far,,,,,,,,,,0.000000,missing
313,10.443777,near,1,505.000,599.000,2.028244,9.542803,391.788,477.543,540.609,620.667,0.935276,detected
313,10.443777,far,2,733.000,425.000,4.183920,0.000000,688.079,340.411,760.869,438.802,0.765150,detected
314,10.477144,near,1,490.000,597.000,1.871491,9.462175,389.045,478.207,536.219,619.152,0.935574,detected
314,10.477144,far,2,727.000,427.000,4.106519,0.000000,684.356,340.153,756.096,440.199,0.808026,detected
315,10.510511,near,1,475.000,594.000,1.709590,9.339799,387.398,480.426,530.042,616.169,0.934671,detected
315,10.510511,far,2,720.000,428.000,4.015479,0.000000,680.211,340.054,751.465,441.462,0.825459,detected
316,10.543877,near,1,462.000,593.000,1.575167,9.299315,385.178,482.126,524.156,613.654,0.928246,detected
316,10.543877,far,2,714.000,429.000,3.937892,0.000000,676.090,340.016,747.443,442.324,0.843413,detected
317,10.577244,near,1,453.000,596.000,1.498570,9.423733,377.432,483.825,517.800,616.480,0.928906,detected
317,10.577244,far,2,709.000,436.000,3.881857,0.000000,670.333,340.002,743.869,445.517,0.856047,detected
318,10.610611,near,1,446.000,599.000,1.442493,9.546947,372.385,485.303,510.362,615.706,0.916064,detected
318,10.610611,far,2,707.000,437.000,3.857361,0.000000,663.561,340.000,738.628,447.725,0.842860,detected
319,10.643977,near,1,442.000,600.000,1.407377,9.587900,369.814,487.301,502.810,613.191,0.918858,detected
319,10.643977,far,2,701.000,438.000,3.781368,0.000000,653.844,340.000,729.890,448.817,0.916576,detected
320,10.677344,near,1,438.000,597.000,1.353645,9.465807,368.097,488.838,496.806,611.214,0.920241,detected
320,10.677344,far,2,696.000,438.000,3.716878,0.000000,643.335,340.000,720.018,449.419,0.907087,detected
321,10.710711,near,1,433.000,592.000,1.279765,9.259806,365.863,489.877,489.085,608.314,0.914872,detected
321,10.710711,far,2,691.000,439.000,3.654152,0.000000,633.081,340.000,710.024,449.525,0.883443,detected
322,10.744077,near,1,425.000,591.000,1.194497,9.218722,362.930,490.566,480.664,605.872,0.902495,detected
322,10.744077,far,2,684.000,435.000,3.556210,0.000000,620.343,340.000,697.491,450.529,0.895884,detected
323,10.777444,near,1,423.000,589.000,1.164342,9.135222,359.887,490.711,472.641,604.131,0.902547,detected
323,10.777444,far,2,677.000,436.000,3.467513,0.000000,613.574,340.000,691.997,452.995,0.862376,detected
324,10.810811,near,1,419.000,591.000,1.134181,9.219134,356.079,489.831,466.194,604.299,0.898941,detected
324,10.810811,far,2,666.000,437.000,3.327419,0.000000,608.353,340.000,688.066,455.513,0.868131,detected
325,10.844178,near,1,413.000,589.000,1.063514,9.135905,354.004,487.320,462.212,603.885,0.903499,detected
325,10.844178,far,2,653.000,446.000,3.183273,0.000000,601.449,340.000,682.471,458.182,0.866114,detected
326,10.877544,near,1,410.000,588.000,1.028022,9.094104,354.164,484.347,461.382,603.781,0.899709,detected
326,10.877544,far,2,646.000,449.000,3.102553,0.002614,592.730,340.000,675.690,461.316,0.881971,detected
327,10.910911,near,1,408.000,590.000,1.018350,9.178129,357.558,479.939,467.185,604.793,0.904179,detected
327,10.910911,far,2,636.000,455.000,2.993784,0.534416,583.646,340.000,668.891,466.133,0.823641,detected
328,10.944278,near,1,409.000,593.000,1.044048,9.302975,360.674,475.071,473.704,606.217,0.909542,detected
328,10.944278,far,2,627.000,454.000,2.878031,0.446863,576.292,340.186,662.121,468.404,0.722692,detected
329,10.977644,near,1,411.000,595.000,1.074382,9.385505,364.806,470.632,480.711,607.272,0.914467,detected
329,10.977644,far,2,622.000,446.000,2.788918,0.000000,566.529,341.080,652.444,468.806,0.867772,detected
330,11.011011,near,1,420.000,595.000,1.164335,9.384880,373.633,465.993,490.844,607.765,0.904750,detected
330,11.011011,far,2,614.000,458.000,2.728681,0.796500,559.909,342.648,645.742,469.863,0.867697,detected
331,11.044378,near,1,423.000,595.000,1.194317,9.384671,379.941,461.703,498.364,608.490,0.907094,detected
331,11.044378,far,2,607.000,456.000,2.634413,0.622680,552.757,344.111,638.146,469.930,0.896907,detected
332,11.077744,near,1,427.000,595.000,1.234291,9.384394,385.393,457.616,504.388,608.735,0.905545,detected
332,11.077744,far,2,599.000,458.000,2.541921,0.796936,545.601,345.702,631.460,471.143,0.904712,detected
333,11.111111,near,1,433.000,595.000,1.294247,9.383977,389.892,453.693,508.924,608.722,0.907082,detected
333,11.111111,far,2,591.000,461.000,2.453960,1.055881,539.408,349.420,624.857,471.846,0.912028,detected
334,11.144478,near,1,440.000,594.000,1.359478,9.342222,393.764,449.838,512.753,608.551,0.917808,detected
334,11.144478,far,2,582.000,462.000,2.346533,1.141783,532.912,352.478,619.555,474.081,0.921596,detected
335,11.177845,near,1,446.000,592.000,1.410222,9.258911,398.763,447.003,516.826,608.535,0.927217,detected
335,11.177845,far,2,577.000,469.000,2.313499,1.732780,526.564,357.292,615.347,479.508,0.918861,detected
336,11.211211,near,1,456.000,591.000,1.506041,9.216595,405.597,444.929,521.267,606.654,0.910434,detected
336,11.211211,far,2,571.000,473.000,2.256874,2.064069,521.722,361.665,611.459,482.838,0.918692,detected
337,11.244578,near,1,464.000,590.000,1.582004,9.174297,411.757,444.507,524.675,605.610,0.907572,detected
337,11.244578,far,2,568.000,476.000,2.233021,2.309436,518.062,364.135,609.651,486.233,0.915079,detected
338,11.277945,near,1,474.000,591.000,1.686871,9.215360,418.694,444.855,528.321,603.979,0.906685,detected
338,11.277945,far,2,565.000,473.000,2.184104,2.064307,517.631,373.186,604.673,487.149,0.918792,detected
339,11.311311,near,1,480.000,591.000,1.747137,9.214949,424.634,446.826,531.836,605.335,0.909858,detected
339,11.311311,far,2,562.000,470.000,2.134662,1.816548,516.851,379.441,600.408,487.168,0.904510,detected
340,11.344678,near,1,486.000,596.000,1.827655,9.421435,430.257,450.038,535.143,608.336,0.910527,detected
340,11.344678,far,2,560.000,467.000,2.096948,1.566083,515.539,383.872,596.341,486.856,0.905941,detected
341,11.378045,near,1,487.000,600.000,1.853561,9.584730,435.911,454.665,537.103,610.962,0.909207,detected
341,11.378045,far,2,557.000,468.000,2.064688,1.650003,516.056,392.400,591.202,486.715,0.873828,detected
342,11.411411,near,1,493.000,603.000,1.924605,9.705594,443.381,459.757,541.165,614.158,0.911925,detected
342,11.411411,far,2,555.000,469.000,2.044760,1.733592,513.052,389.344,590.781,487.127,0.904075,detected
343,11.444778,near,1,495.000,605.000,1.951946,9.785728,451.140,464.414,544.940,615.790,0.907410,detected
343,11.444778,far,2,552.000,469.000,2.008106,1.733703,511.225,387.504,590.138,487.296,0.905404,detected
344,11.478145,near,1,496.000,608.000,1.973069,9.905210,454.745,467.958,547.342,620.142,0.902276,detected
344,11.478145,far,2,554.000,470.000,2.037099,1.816849,511.042,385.375,590.774,486.700,0.906871,detected
345,11.511512,near,1,498.000,611.000,2.003766,10.023599,456.773,469.332,549.971,625.282,0.894497,detected
345,11.511512,far,2,554.000,475.000,2.059640,2.228549,509.930,381.619,591.914,486.411,0.896437,detected
346,11.544878,near,1,500.000,618.000,2.048625,10.296130,459.540,470.162,552.427,628.402,0.898339,detected
346,11.544878,far,2,555.000,474.000,2.067273,2.146750,508.724,376.848,592.355,484.162,0.901972,detected
347,11.578245,near,1,506.000,616.000,2.099545,10.218332,464.654,467.173,558.252,629.726,0.866835,detected
347,11.578245,far,2,557.000,472.000,2.082621,1.982288,507.978,371.006,594.581,482.625,0.903580,detected
348,11.611612,near,1,510.000,617.000,2.141747,10.256770,471.747,469.826,562.463,630.186,0.901881,detected
348,11.611612,far,2,559.000,470.000,2.098077,1.816661,507.844,366.478,596.611,481.935,0.902520,detected
349,11.644978,near,1,515.000,619.000,2.196860,10.333537,482.039,473.996,568.853,630.422,0.898378,detected
349,11.644978,far,2,561.000,470.000,2.122467,1.816586,508.497,362.986,598.280,480.976,0.914940,detected
350,11.678345,near,1,521.000,615.000,2.241478,10.178393,492.568,478.111,575.797,631.050,0.901993,detected
350,11.678345,far,2,565.000,468.000,2.162595,1.649713,510.450,361.135,600.450,480.636,0.918478,detected
351,11.711712,near,1,527.000,618.000,2.309349,10.294140,503.115,480.591,583.165,631.341,0.903424,detected
351,11.711712,far,2,571.000,469.000,2.240217,1.733002,512.969,359.055,604.018,481.339,0.915899,detected
352,11.745078,near,1,535.000,616.000,2.380345,10.216206,510.340,481.413,588.562,631.625,0.897580,detected
352,11.745078,far,2,576.000,468.000,2.297194,1.649315,516.704,357.925,607.536,480.801,0.913490,detected
353,11.778445,near,1,545.000,614.000,2.471150,10.137692,516.326,481.019,593.991,631.529,0.908205,detected
353,11.778445,far,2,580.000,468.000,2.346132,1.649170,521.156,357.883,611.226,480.235,0.909755,detected
354,11.811812,near,1,556.000,614.000,2.577917,10.136890,521.847,480.488,600.079,632.033,0.904571,detected
354,11.811812,far,2,582.000,468.000,2.370600,1.649098,526.304,358.517,615.453,479.948,0.895097,detected
355,11.845179,near,1,567.000,620.000,2.700752,10.368093,530.142,479.774,611.010,634.509,0.908104,detected
355,11.845179,far,2,585.000,468.000,2.407300,1.648989,531.365,357.921,620.797,479.784,0.911831,detected
356,11.878545,near,1,577.000,626.000,2.811976,10.595473,539.150,480.285,623.860,639.552,0.914688,detected
356,11.878545,far,2,587.000,467.000,2.427899,1.565123,536.446,357.866,626.031,479.727,0.911678,detected
357,11.911912,near,1,586.000,631.000,2.909557,10.782001,546.268,480.149,635.021,645.592,0.911954,detected
357,11.911912,far,2,591.000,467.000,2.476916,1.564981,541.714,356.468,632.360,479.442,0.914112,detected
358,11.945279,near,1,594.000,633.000,2.989771,10.855550,550.205,471.211,645.627,651.124,0.877041,detected
358,11.945279,far,2,594.000,466.000,2.509949,1.480787,545.732,354.717,637.987,479.298,0.915276,detected
359,11.978645,near,1,602.000,638.000,3.075797,11.038548,556.912,468.332,653.420,654.073,0.875312,detected
359,11.978645,far,2,596.000,466.000,2.534499,1.480717,547.893,352.641,642.322,479.114,0.912142,detected
360,12.012012,near,1,613.000,639.000,3.180902,11.074121,563.630,468.858,657.833,655.033,0.839231,detected
360,12.012012,far,2,598.000,465.000,2.555396,1.396260,549.525,351.628,644.930,478.452,0.902073,detected
361,12.045379,near,1,618.000,634.000,3.218324,10.890646,570.717,475.702,660.051,655.421,0.885776,detected
361,12.045379,far,2,600.000,465.000,2.579988,1.396192,551.634,350.675,647.357,477.553,0.903775,detected
362,12.078745,near,1,627.000,633.000,3.301404,10.853041,577.087,478.447,663.777,655.134,0.894152,detected
362,12.078745,far,2,602.000,463.000,2.597415,1.226444,554.702,348.877,650.457,475.905,0.915170,detected
363,12.112112,near,1,634.000,637.000,3.374215,10.999576,584.017,479.582,669.797,655.739,0.895254,detected
363,12.112112,far,2,605.000,460.000,2.623790,0.969528,558.066,348.540,652.993,475.055,0.910066,detected
364,12.145479,near,1,640.000,641.000,3.436888,11.144575,591.275,480.366,676.745,657.719,0.890674,detected
364,12.145479,far,2,608.000,461.000,2.664500,1.055350,563.872,347.039,659.135,473.944,0.908768,detected
365,12.178846,near,1,647.000,646.000,3.509632,11.323638,601.727,485.654,685.791,660.546,0.887771,detected
365,12.178846,far,2,611.000,460.000,2.698222,0.969345,570.115,345.553,665.687,473.425,0.912357,detected
366,12.212212,near,1,651.000,653.000,3.556553,11.570722,609.457,492.464,693.451,666.078,0.915984,detected
366,12.212212,far,2,614.000,458.000,2.728681,0.796500,575.205,343.017,671.388,472.618,0.902882,detected
367,12.245579,near,1,655.000,657.000,3.598631,11.709699,617.517,499.885,700.890,671.098,0.888346,detected
367,12.245579,far,2,618.000,457.000,2.775171,0.709539,580.685,341.285,676.668,472.186,0.889476,detected
368,12.278946,near,1,663.000,664.000,3.680242,11.949274,625.422,508.414,709.701,678.978,0.900436,detected
368,12.278946,far,2,621.000,456.000,2.809335,0.622295,586.438,340.479,681.054,471.714,0.913031,detected
369,12.312312,near,1,669.000,676.000,3.747955,12.350397,629.898,514.653,716.218,687.804,0.913891,detected
369,12.312312,far,2,624.000,455.000,2.843621,0.534737,592.165,340.000,684.916,471.017,0.903458,detected
370,12.345679,near,1,670.000,683.000,3.764418,12.578846,633.232,521.586,719.956,694.345,0.921101,detected
370,12.345679,far,2,628.000,453.000,2.887445,0.358723,597.314,340.000,687.763,470.484,0.906573,detected
371,12.379046,near,1,673.000,684.000,3.791933,12.610909,641.806,526.105,729.704,697.172,0.920729,detected
371,12.379046,far,2,633.000,453.000,2.950242,0.358597,600.897,340.000,689.070,470.033,0.905315,detected
372,12.412412,near,1,675.000,683.000,3.808552,12.578434,649.872,527.442,740.782,698.052,0.931221,detected
372,12.412412,far,2,637.000,452.000,2.997549,0.270065,604.062,340.000,690.080,469.673,0.904830,detected
373,12.445779,near,1,676.000,684.000,3.818378,12.610662,653.560,528.273,747.219,698.092,0.921014,detected
373,12.445779,far,2,641.000,453.000,3.050705,0.358395,606.440,340.000,690.896,469.927,0.906896,detected
374,12.479146,near,1,677.000,683.000,3.826205,12.578269,650.427,526.820,746.281,697.922,0.926611,detected
374,12.479146,far,2,647.000,455.000,3.131404,0.534122,609.089,340.000,692.430,470.580,0.910932,detected
375,12.512513,near,1,674.000,683.000,3.799725,12.578516,643.601,522.576,741.416,697.877,0.927439,detected
375,12.512513,far,2,651.000,457.000,3.186580,0.708607,612.231,340.116,694.284,470.973,0.910200,detected
376,12.545879,near,1,676.000,680.000,3.814363,12.480919,636.483,517.221,734.730,696.725,0.917517,detected
376,12.545879,far,2,655.000,457.000,3.236431,0.708494,617.548,342.833,697.490,470.661,0.916152,detected
377,12.579246,near,1,675.000,679.000,3.804480,12.448355,633.705,511.366,732.516,695.448,0.920166,detected
377,12.579246,far,2,658.000,457.000,3.273817,0.708410,622.165,345.757,700.594,470.684,0.924562,detected
378,12.612613,near,1,676.000,676.000,3.810306,12.349825,632.661,506.045,731.746,694.277,0.916679,detected
378,12.612613,far,2,660.000,457.000,3.298739,0.708353,625.793,350.234,702.116,470.512,0.921806,detected
379,12.645979,near,1,676.000,673.000,3.807235,12.250607,632.228,501.584,730.377,691.795,0.907714,detected
379,12.645979,far,2,661.000,460.000,3.318163,0.967821,628.654,353.559,704.579,471.036,0.910460,detected
380,12.679346,near,1,674.000,670.000,3.786186,12.150769,631.772,498.304,728.133,689.127,0.902052,detected
380,12.679346,far,2,662.000,460.000,3.330557,0.967791,630.653,358.043,705.691,470.915,0.905262,detected
381,12.712713,near,1,672.000,669.000,3.767148,12.117423,631.300,496.823,724.499,685.512,0.901812,detected
381,12.712713,far,2,662.000,458.000,3.325968,0.795109,630.521,360.225,706.031,470.690,0.883758,detected
382,12.746079,near,1,671.000,669.000,3.758158,12.117504,630.877,496.672,721.316,684.122,0.900275,detected
382,12.746079,far,2,663.000,458.000,3.338406,0.795080,631.101,361.176,708.311,470.791,0.901343,detected
383,12.779446,near,1,670.000,671.000,3.751382,12.184514,631.351,498.804,718.828,683.980,0.907340,detected
383,12.779446,far,2,661.000,458.000,3.313530,0.795138,629.483,360.191,709.151,470.821,0.910185,detected
384,12.812813,near,1,669.000,673.000,3.744640,12.251176,632.273,501.492,717.453,685.012,0.904419,detected
384,12.812813,far,2,661.000,459.000,3.315851,0.881636,626.569,358.044,709.131,471.253,0.909514,detected
385,12.846180,near,1,667.000,674.000,3.727886,12.284498,633.746,506.268,716.008,685.583,0.908651,detected
385,12.846180,far,2,659.000,459.000,3.291019,0.881696,623.900,354.804,709.473,471.448,0.914881,detected
386,12.879546,near,1,667.000,673.000,3.726755,12.251338,634.155,510.340,713.989,685.851,0.902695,detected
386,12.879546,far,2,658.000,459.000,3.278603,0.881725,622.475,352.791,710.082,471.799,0.909523,detected
387,12.912913,near,1,666.000,673.000,3.717812,12.251420,633.146,512.090,711.660,686.116,0.912705,detected
387,12.912913,far,2,651.000,460.000,3.194221,0.968126,621.536,349.983,711.465,471.937,0.914532,detected
388,12.946280,near,1,665.000,673.000,3.708869,12.251501,631.945,511.248,710.174,685.993,0.913009,detected
388,12.946280,far,2,646.000,461.000,3.134881,1.054164,620.023,345.496,713.135,472.115,0.917892,detected
389,12.979646,near,1,664.000,670.000,3.696409,12.151579,630.130,507.607,709.266,684.979,0.899583,detected
389,12.979646,far,2,643.000,462.000,3.100456,1.139835,619.697,343.392,714.163,472.214,0.914298,detected
390,13.013013,near,1,663.000,667.000,3.683850,12.050867,627.797,503.692,708.239,684.208,0.897735,detected
390,13.013013,far,2,644.000,459.000,3.104752,0.882142,622.565,343.383,716.281,471.750,0.911042,detected
391,13.046380,near,1,662.000,661.000,3.667518,11.846952,625.337,500.168,706.535,681.764,0.896420,detected
391,13.046380,far,2,646.000,457.000,3.124262,0.708748,627.651,344.410,719.645,471.972,0.900684,detected
392,13.079746,near,1,661.000,659.000,3.655943,11.778311,619.963,497.372,702.120,680.458,0.897688,detected
392,13.079746,far,2,651.000,458.000,3.189137,0.795428,632.578,345.369,723.906,474.064,0.894455,detected
393,13.113113,near,1,658.000,653.000,3.620843,11.570169,613.129,495.043,695.846,679.387,0.904383,detected
393,13.113113,far,2,651.000,462.000,3.199268,1.139579,634.297,347.377,725.738,477.816,0.902963,detected
394,13.146480,near,1,654.000,646.000,3.574535,11.323093,607.896,492.581,688.392,672.821,0.907017,detected
394,13.146480,far,2,654.000,463.000,3.238763,1.224745,637.312,350.363,726.039,477.391,0.890918,detected
395,13.179847,near,1,651.000,645.000,3.545300,11.287601,605.285,490.086,683.999,666.875,0.906821,detected
395,13.179847,far,2,658.000,463.000,3.288072,1.224614,632.509,352.453,718.703,478.987,0.781950,detected
396,13.213213,near,1,650.000,643.000,3.533139,11.215937,603.461,486.401,681.303,661.147,0.905123,detected
396,13.213213,far,2,663.000,468.000,3.360800,1.646165,638.834,353.972,724.731,479.707,0.879953,detected
397,13.246580,near,1,648.000,642.000,3.513050,11.180074,601.910,482.760,679.911,657.691,0.906427,detected
397,13.246580,far,2,664.000,466.000,3.368644,1.478351,637.168,355.894,720.953,480.422,0.839200,detected
398,13.279947,near,1,646.000,641.000,3.492905,11.144112,599.558,477.819,679.540,657.282,0.913549,detected
398,13.279947,far,2,665.000,470.000,3.389527,1.812678,636.949,358.179,722.183,486.781,0.840449,detected
399,13.313313,near,1,646.000,639.000,3.489895,11.071583,597.022,473.789,678.717,656.777,0.922592,detected
399,13.313313,far,2,669.000,480.000,3.458394,2.627974,638.889,359.267,724.995,490.278,0.877834,detected
400,13.346680,near,1,646.000,633.000,3.480765,10.851597,595.646,470.003,678.291,654.583,0.919720,detected
400,13.346680,far,2,670.000,482.000,3.474262,2.787613,640.503,364.261,724.925,493.386,0.890936,detected
401,13.380047,near,1,646.000,628.000,3.473040,10.665477,594.582,467.554,677.810,652.625,0.924176,detected
401,13.380047,far,2,667.000,470.000,3.413870,1.812602,636.921,366.697,718.957,494.584,0.891376,detected
402,13.413413,near,1,645.000,626.000,3.460389,10.590379,593.718,466.098,676.120,647.966,0.926929,detected
402,13.413413,far,2,670.000,473.000,3.456448,2.060149,637.657,368.643,717.868,494.955,0.855746,detected
403,13.446780,near,1,646.000,621.000,3.462043,10.400527,592.299,466.236,673.816,644.037,0.918963,detected
403,13.446780,far,2,669.000,473.000,3.444342,2.060188,637.408,369.195,716.547,495.069,0.861110,detected
404,13.480147,near,1,646.000,623.000,3.465207,10.476756,589.683,468.507,671.710,644.542,0.927918,detected
404,13.480147,far,2,669.000,476.000,3.450407,2.305236,634.486,367.938,713.122,495.449,0.866389,detected
405,13.513514,near,1,648.000,626.000,3.488981,10.590154,584.753,470.977,668.098,645.247,0.932130,detected
405,13.513514,far,2,666.000,476.000,3.414278,2.305360,634.795,367.305,712.595,495.147,0.872780,detected
406,13.546880,near,1,655.000,631.000,3.562866,10.776776,576.790,474.460,662.073,645.997,0.913009,detected
406,13.546880,far,2,666.000,475.000,3.412200,2.223964,635.364,363.698,714.107,494.838,0.890086,detected
407,13.580247,near,1,656.000,630.000,3.570915,10.739478,568.031,477.141,656.263,646.250,0.906750,detected
407,13.580247,far,2,666.000,474.000,3.410115,2.142279,636.218,361.007,715.222,494.434,0.908922,detected
408,13.613614,near,1,652.000,628.000,3.530063,10.665026,560.448,478.083,652.101,645.731,0.923993,detected
408,13.613614,far,2,667.000,481.000,3.436498,2.708044,635.651,357.727,715.322,493.906,0.908492,detected
409,13.646980,near,1,649.000,623.000,3.493919,10.476533,554.484,477.702,649.631,645.116,0.921494,detected
409,13.646980,far,2,667.000,481.000,3.436498,2.708044,633.758,354.888,714.044,492.942,0.908840,detected
410,13.680347,near,1,646.000,619.000,3.458862,10.323871,550.570,476.940,648.163,644.211,0.911511,detected
410,13.680347,far,2,667.000,479.000,3.432449,2.547800,631.591,352.618,712.621,491.938,0.913083,detected
411,13.713714,near,1,646.000,619.000,3.458862,10.323871,553.908,476.558,649.978,637.183,0.928959,detected
411,13.713714,far,2,666.000,476.000,3.414278,2.305360,629.160,351.606,710.660,490.861,0.902985,detected
412,13.747080,near,1,641.000,613.000,3.400675,10.091656,559.749,476.680,652.588,628.820,0.926982,detected
412,13.747080,far,2,666.000,476.000,3.414278,2.305360,626.400,351.228,708.030,490.320,0.898360,detected
413,13.780447,near,1,632.000,613.000,3.313304,10.092309,562.384,477.031,654.371,625.898,0.917587,detected
413,13.780447,far,2,666.000,477.000,3.416349,2.386472,625.205,351.604,707.483,490.565,0.888564,detected
414,13.813814,near,1,628.000,613.000,3.274469,10.092600,563.293,476.033,655.993,624.278,0.913394,detected
414,13.813814,far,2,667.000,478.000,3.430413,2.467256,623.342,352.286,705.331,490.446,0.910815,detected
415,13.847181,near,1,621.000,611.000,3.202558,10.014692,560.057,473.547,655.021,622.937,0.910835,detected
415,13.847181,far,2,667.000,477.000,3.428371,2.386430,622.493,352.017,704.621,490.248,0.907360,detected
416,13.880547,near,1,610.000,606.000,3.084707,9.817472,553.598,471.256,651.125,621.244,0.891442,detected
416,13.880547,far,2,666.000,476.000,3.414278,2.305360,621.461,352.038,703.072,489.899,0.913958,detected
417,13.913914,near,1,601.000,597.000,2.975564,9.454433,543.441,469.299,644.129,619.473,0.921919,detected
417,13.913914,far,2,664.000,475.000,3.388071,2.224045,621.378,351.860,701.516,488.203,0.908624,detected
418,13.947281,near,1,590.000,593.000,2.856147,9.290489,537.000,468.095,634.899,610.778,0.909526,detected
418,13.947281,far,2,662.000,473.000,3.359592,2.060465,620.348,351.542,699.363,487.716,0.910182,detected
419,13.980647,near,1,583.000,592.000,2.783514,9.249491,527.191,466.935,624.572,606.136,0.913516,detected
419,13.980647,far,2,660.000,470.000,3.328665,1.812865,618.845,350.124,696.760,486.881,0.882584,detected
420,14.014014,near,1,575.000,593.000,2.706158,9.291522,518.125,466.251,615.142,604.797,0.916978,detected
420,14.014014,far,2,658.000,467.000,3.297406,1.562603,617.563,349.688,694.650,487.938,0.879417,detected
421,14.047381,near,1,568.000,593.000,2.636152,9.292005,508.334,465.076,605.084,603.794,0.927091,detected
421,14.047381,far,2,653.000,464.000,3.228892,1.309734,616.051,349.425,690.887,487.188,0.867629,detected
422,14.080747,near,1,559.000,592.000,2.543140,9.251140,497.264,462.414,594.154,603.607,0.919970,detected
422,14.080747,far,2,650.000,466.000,3.196993,1.478838,613.862,346.737,688.114,487.219,0.891829,detected
423,14.114114,near,1,553.000,590.000,2.476843,9.168215,487.627,459.187,584.003,602.880,0.931030,detected
423,14.114114,far,2,646.000,463.000,3.140134,1.225006,613.426,346.953,684.497,484.799,0.887898,detected
424,14.147481,near,1,543.000,585.000,2.359983,8.958390,477.167,454.058,573.793,602.935,0.904904,detected
424,14.147481,far,2,645.000,467.000,3.138284,1.563064,611.567,345.847,681.568,485.113,0.894190,detected
425,14.180848,near,1,535.000,581.000,2.265231,8.788263,469.652,449.081,566.532,603.339,0.897309,detected
425,14.180848,far,2,641.000,465.000,3.083919,1.394794,609.816,345.521,677.867,484.305,0.880812,detected
426,14.214214,near,1,524.000,580.000,2.149554,8.746007,463.548,444.198,560.352,603.291,0.900378,detected
426,14.214214,far,2,638.000,470.000,3.060808,1.813692,607.556,345.484,674.465,484.820,0.883242,detected
427,14.247581,near,1,511.000,578.000,2.009223,8.660503,458.094,440.251,553.878,602.322,0.913809,detected
427,14.247581,far,2,636.000,470.000,3.036452,1.813767,604.919,345.959,670.627,484.850,0.889730,detected
428,14.280948,near,1,504.000,574.000,1.921622,8.486674,453.037,437.471,545.168,597.752,0.918419,detected
428,14.280948,far,2,634.000,470.000,3.012095,1.813842,602.527,346.962,667.028,484.342,0.887107,detected
429,14.314314,near,1,493.000,571.000,1.795736,8.355282,448.285,435.741,537.572,594.617,0.903501,detected
429,14.314314,far,2,633.000,471.000,3.002745,1.896750,600.570,347.394,664.721,484.422,0.888131,detected
430,14.347681,near,1,485.000,571.000,1.712967,8.355794,441.927,435.710,528.722,593.128,0.900731,detected
430,14.347681,far,2,633.000,472.000,3.005563,1.979328,599.796,348.127,663.695,484.816,0.889105,detected
431,14.381048,near,1,481.000,572.000,1.675981,8.400221,436.131,435.591,520.708,592.411,0.912516,detected
431,14.381048,far,2,632.000,472.000,2.993428,1.979366,599.223,348.058,663.354,485.027,0.895009,detected
432,14.414414,near,1,477.000,572.000,1.634652,8.400478,429.263,434.185,512.055,591.138,0.904639,detected
432,14.414414,far,2,632.000,472.000,2.993428,1.979366,597.351,347.655,661.892,484.929,0.901741,detected
433,14.447781,near,1,471.000,568.000,1.554336,8.223369,422.863,431.622,503.503,588.433,0.900268,detected
433,14.447781,far,2,630.000,471.000,2.966272,1.896865,594.736,347.392,659.591,485.118,0.903528,detected
434,14.481148,near,1,467.000,565.000,1.498675,8.089079,418.655,426.936,496.245,582.432,0.895915,detected
434,14.481148,far,2,629.000,472.000,2.957019,1.979483,590.831,346.645,655.644,484.937,0.900161,detected
435,14.514515,near,1,462.000,557.000,1.407634,7.724516,416.320,422.355,490.011,574.583,0.883461,detected
435,14.514515,far,2,627.000,473.000,2.935683,2.061851,586.875,346.146,651.502,485.212,0.898318,detected
436,14.547881,near,1,458.000,558.000,1.370304,7.770860,412.803,417.162,486.045,573.655,0.885364,detected
436,14.547881,far,2,624.000,470.000,2.890297,1.814218,583.459,344.798,647.777,485.498,0.892679,detected
437,14.581248,near,1,452.000,558.000,1.306949,7.771225,411.012,412.717,482.992,571.610,0.891573,detected
437,14.581248,far,2,621.000,473.000,2.862986,2.062088,579.471,344.288,642.831,485.209,0.890580,detected
438,14.614615,near,1,448.000,556.000,1.254428,7.679117,409.008,408.734,479.909,570.225,0.889513,detected
438,14.614615,far,2,619.000,470.000,2.829391,1.814405,576.142,343.198,638.928,485.189,0.881673,detected
439,14.647981,near,1,444.000,553.000,1.196314,7.539752,406.313,406.454,475.968,569.986,0.881377,detected
439,14.647981,far,2,616.000,470.000,2.792844,1.814518,573.619,343.351,635.846,486.136,0.890685,detected
440,14.681348,near,1,439.000,550.000,1.126960,7.399135,402.388,404.619,471.161,569.686,0.873569,detected
440,14.681348,far,2,612.000,470.000,2.744112,1.814668,570.918,343.556,632.734,486.959,0.892926,detected
441,14.714715,near,1,436.000,550.000,1.094878,7.399311,398.725,402.548,466.869,569.287,0.889973,detected
441,14.714715,far,2,610.000,471.000,2.723071,1.897630,569.227,344.424,630.732,488.584,0.886534,detected
442,14.748081,near,1,434.000,550.000,1.073489,7.399428,395.531,402.231,462.729,569.047,0.887341,detected
442,14.748081,far,2,606.000,472.000,2.677821,1.980379,567.451,344.642,628.450,488.536,0.883851,detected
443,14.781448,near,1,430.000,551.000,1.036254,7.446783,392.948,403.085,458.894,568.817,0.884743,detected
443,14.781448,far,2,600.000,476.000,2.618965,2.308105,565.708,345.542,626.463,490.057,0.907665,detected
444,14.814815,near,1,426.000,550.000,0.987926,7.399897,390.871,404.950,455.675,568.855,0.884262,detected
444,14.814815,far,2,597.000,478.000,2.589844,2.470257,563.611,347.051,623.902,491.336,0.901925,detected
445,14.848182,near,1,425.000,549.000,0.971583,7.352687,387.252,407.622,451.143,568.517,0.887784,detected
445,14.848182,far,2,596.000,477.000,2.574288,2.389428,561.979,348.129,621.759,491.974,0.899398,detected
446,14.881548,near,1,424.000,549.000,0.960870,7.352745,384.336,409.230,447.704,567.696,0.882714,detected
446,14.881548,far,2,594.000,478.000,2.553797,2.470386,560.136,348.493,620.067,493.330,0.896477,detected
447,14.914915,near,1,423.000,547.000,0.938743,7.257821,381.895,410.227,444.185,564.331,0.867350,detected
447,14.914915,far,2,592.000,480.000,2.536977,2.631373,559.004,350.094,618.677,494.985,0.897671,detected
448,14.948282,near,1,421.000,548.000,0.922998,7.305502,379.588,410.234,441.890,562.455,0.869540,detected
448,14.948282,far,2,590.000,481.000,2.516657,2.711493,557.157,350.457,616.874,495.942,0.895426,detected
449,14.981648,near,1,418.000,548.000,0.890806,7.305676,376.665,409.005,439.964,561.657,0.881369,detected
449,14.981648,far,2,590.000,476.000,2.498381,2.308521,555.393,350.189,614.859,496.168,0.899275,detected
450,15.015015,near,1,417.000,547.000,0.874258,7.258167,376.101,407.689,439.906,560.493,0.891859,detected
450,15.015015,far,2,588.000,475.000,2.470526,2.227156,553.084,350.632,611.784,496.521,0.901349,detected
451,15.048382,near,1,416.000,545.000,0.851787,7.162641,376.874,404.640,441.290,559.227,0.906009,detected
451,15.048382,far,2,586.000,473.000,2.438765,2.063475,550.204,350.287,608.144,496.795,0.898918,detected
452,15.081748,near,1,415.000,546.000,0.846892,7.210566,379.016,402.747,443.502,559.124,0.908612,detected
452,15.081748,far,2,581.000,470.000,2.366318,1.815834,546.956,349.768,603.918,496.723,0.878415,detected
453,15.115115,near,1,415.000,546.000,0.846892,7.210566,381.052,401.336,445.116,558.828,0.911584,detected
453,15.115115,far,2,578.000,470.000,2.329746,1.815947,544.267,349.200,599.978,496.190,0.890171,detected
454,15.148482,near,1,415.000,546.000,0.846892,7.210566,382.540,400.190,446.229,558.857,0.912398,detected
454,15.148482,far,2,573.000,475.000,2.289283,2.227770,542.321,349.273,596.944,496.653,0.900394,detected
455,15.181849,near,1,414.000,546.000,0.836127,7.210623,383.775,399.752,446.917,558.708,0.911053,detected
455,15.181849,far,2,570.000,478.000,2.265345,2.471416,540.523,349.739,593.860,496.461,0.897317,detected
456,15.215215,near,1,415.000,546.000,0.846892,7.210566,385.314,399.625,448.083,558.848,0.906008,detected
456,15.215215,far,2,565.000,482.000,2.221875,2.792382,539.016,350.253,591.472,497.060,0.892743,detected
457,15.248582,near,1,414.000,545.000,0.830223,7.162755,386.946,400.020,449.170,558.511,0.900437,detected
457,15.248582,far,2,561.000,483.000,2.178326,2.872057,535.864,351.297,587.682,497.638,0.878348,detected
458,15.281949,near,1,413.000,545.000,0.819440,7.162813,388.214,400.521,450.049,558.427,0.898219,detected
458,15.281949,far,2,559.000,485.000,2.162942,3.030312,531.052,352.248,582.862,497.990,0.874548,detected
459,15.315315,near,1,413.000,543.000,0.807542,7.066624,388.991,401.092,450.342,557.902,0.895607,detected
459,15.315315,far,2,555.000,486.000,2.119716,3.109175,527.268,352.802,579.616,498.886,0.893765,detected
