frame,time_s,role,speed_mps,cumulative_distance_m,rally_distance_m,max_speed_so_far_mps
0,0.000000,near,0.000000,0.000000,0.000000,0.000000
0,0.000000,far,0.000000,0.000000,0.000000,0.000000
1,0.033367,near,0.452775,0.030215,0.030215,0.905551
1,0.033367,far,0.887716,0.059240,0.059240,1.775432
2,0.066733,near,0.603701,0.060430,0.060430,0.905551
2,0.066733,far,0.718888,0.071961,0.071961,1.775432
3,0.100100,near,0.678398,0.090544,0.090544,0.905551
3,0.100100,far,0.972548,0.129803,0.129803,1.775432
4,0.133467,near,0.542718,0.090544,0.090544,0.905551
4,0.133467,far,1.124743,0.187645,0.187645,1.775432
5,0.166834,near,0.452265,0.090544,0.090544,0.905551
5,0.166834,far,1.226207,0.245487,0.245487,1.775432
6,0.200200,near,0.602680,0.120657,0.120657,0.905551
6,0.200200,far,1.515128,0.303329,0.303329,1.775432
7,0.233567,near,0.451755,0.120657,0.120657,0.905551
7,0.233567,far,1.219223,0.303329,0.303329,1.775432
8,0.266934,near,0.300830,0.120657,0.120657,0.905551
8,0.266934,far,1.155684,0.303329,0.303329,1.775432
9,0.300300,near,0.300830,0.150770,0.150770,0.905551
9,0.300300,far,0.866763,0.303329,0.303329,1.775432
10,0.333667,near,0.451245,0.180883,0.180883,0.905551
10,0.333667,far,0.577842,0.303329,0.303329,1.775432
11,0.367034,near,0.451245,0.180883,0.180883,0.905551
11,0.367034,far,0.577842,0.361171,0.361171,1.775432
12,0.400400,near,0.300830,0.180883,0.180883,0.905551
12,0.400400,far,0.352310,0.373861,0.373861,1.775432
13,0.433767,near,0.346818,0.190090,0.190090,0.905551
13,0.433767,far,0.639886,0.431434,0.431434,1.775432
14,0.467134,near,0.649167,0.250620,0.250620,1.814094
14,0.467134,far,0.927462,0.489007,0.489007,1.775432
15,0.500501,near,0.650695,0.281039,0.281039,1.814094
15,0.500501,far,0.927462,0.489007,0.489007,1.775432
16,0.533867,near,0.500280,0.281039,0.281039,1.814094
16,0.533867,far,1.223255,0.548225,0.548225,1.775432
17,0.567234,near,0.660052,0.313026,0.313026,1.814094
17,0.567234,far,0.934334,0.548225,0.548225,1.775432
18,0.600601,near,0.660052,0.313026,0.313026,1.814094
18,0.600601,far,0.870945,0.548225,0.548225,1.775432
19,0.633967,near,0.614064,0.313026,0.313026,1.814094
19,0.633967,far,0.583369,0.548225,0.548225,1.775432
20,0.667334,near,0.311715,0.313026,0.313026,1.814094
20,0.667334,far,0.295793,0.548225,0.548225,1.775432
21,0.700701,near,0.205915,0.322263,0.322263,1.814094
21,0.700701,far,0.591586,0.607443,0.607443,1.775432
22,0.734067,near,0.363743,0.353860,0.353860,1.814094
22,0.734067,far,0.583369,0.665015,0.665015,1.775432
23,0.767434,near,0.250189,0.363114,0.363114,1.814094
23,0.767434,far,0.583369,0.665015,0.665015,1.775432
24,0.800801,near,0.250189,0.363114,0.363114,1.814094
24,0.800801,far,0.583369,0.665015,0.665015,1.775432
25,0.834168,near,0.555623,0.424261,0.424261,1.832604
25,0.834168,far,0.583369,0.665015,0.665015,1.775432
26,0.867534,near,0.555623,0.424261,0.424261,1.832604
26,0.867534,far,0.876499,0.723700,0.723700,1.775432
27,0.900901,near,0.662978,0.454991,0.454991,1.832604
27,0.900901,far,0.869627,0.781542,0.781542,1.775432
28,0.934268,near,0.659171,0.485827,0.485827,1.832604
28,0.934268,far,0.900019,0.845199,0.845199,1.907808
29,0.967634,near,0.612951,0.485827,0.485827,1.832604
29,0.967634,far,1.770872,1.019544,1.019544,5.225119
30,1.001001,near,0.922572,0.547813,0.547813,1.857721
30,1.001001,far,1.834716,1.032326,1.032326,5.225119
31,1.034368,near,0.942440,0.612938,0.612938,1.951815
31,1.034368,far,2.422135,1.149927,1.149927,5.225119
32,1.067734,near,1.104254,0.645333,0.645333,1.951815
32,1.067734,far,2.430507,1.210288,1.210288,5.225119
33,1.101101,near,1.090107,0.673231,0.673231,1.951815
33,1.101101,far,2.443087,1.270649,1.270649,5.225119
34,1.134468,near,1.242511,0.734577,0.734577,1.951815
34,1.134468,far,2.253404,1.296331,1.296331,5.225119
35,1.167835,near,1.288799,0.743844,0.743844,1.951815
35,1.167835,far,1.382551,1.296331,1.296331,5.225119
36,1.201201,near,1.131604,0.774360,0.774360,1.951815
36,1.201201,far,1.445186,1.321652,1.321652,5.225119
37,1.234568,near,1.111676,0.835496,0.835496,1.951815
37,1.234568,far,0.921001,1.334312,1.334312,5.225119
38,1.267935,near,1.567758,0.959199,0.959199,3.707381
38,1.267935,far,0.929643,1.396403,1.396403,5.225119
39,1.301301,near,1.583453,0.990239,0.990239,3.707381
39,1.301301,far,1.494948,1.569938,1.569938,5.225119
40,1.334668,near,1.438120,1.022489,1.022489,3.707381
40,1.334668,far,1.647643,1.626190,1.626190,5.225119
41,1.368035,near,1.706160,1.085418,1.085418,3.707381
41,1.368035,far,2.488822,1.794594,1.794594,5.225119
42,1.401401,near,2.032931,1.181353,1.181353,3.707381
42,1.401401,far,2.912840,1.904804,1.904804,5.225119
43,1.434768,near,2.357654,1.307499,1.307499,3.780584
43,1.434768,far,2.849606,1.904804,1.904804,5.225119
44,1.468135,near,1.833263,1.326219,1.326219,3.780584
44,1.468135,far,2.660823,1.929100,1.929100,5.225119
45,1.501502,near,1.771717,1.344937,1.344937,3.780584
45,1.501502,far,2.067423,1.983836,1.983836,5.225119
46,1.534868,near,1.936072,1.410091,1.410091,3.780584
46,1.534868,far,1.847261,1.996012,1.996012,5.225119
47,1.568235,near,2.238785,1.533623,1.533623,3.780584
47,1.568235,far,1.536518,2.102205,2.102205,5.225119
48,1.601602,near,2.366015,1.655030,1.655030,3.780584
48,1.601602,far,1.780740,2.261308,2.261308,5.225119
49,1.634968,near,1.894144,1.686707,1.686707,3.780584
49,1.634968,far,1.902648,2.285714,2.285714,5.225119
50,1.668335,near,1.959406,1.718492,1.718492,3.780584
50,1.668335,far,2.591733,2.447965,2.447965,5.225119
51,1.701702,near,2.168112,1.778993,1.778993,3.780584
51,1.701702,far,2.590607,2.502476,2.502476,5.225119
52,1.735068,near,1.993005,1.809091,1.809091,3.780584
52,1.735068,far,2.590467,2.514624,2.514624,5.225119
53,1.768435,near,1.421844,1.818277,1.818277,3.780584
53,1.768435,far,2.596206,2.621966,2.621966,5.225119
54,1.801802,near,0.965754,1.848374,1.848374,3.780584
54,1.801802,far,1.862437,2.634168,2.634168,5.225119
55,1.835169,near,1.258788,1.938716,1.938716,3.780584
55,1.835169,far,2.276678,2.741505,2.741505,5.225119
56,1.868535,near,1.100019,1.938716,1.938716,3.780584
56,1.868535,far,1.731137,2.794539,2.794539,5.225119
57,1.901902,near,0.953452,1.969875,1.969875,3.780584
57,1.901902,far,1.733472,2.849518,2.849518,5.225119
58,1.935269,near,1.262306,2.061805,2.061805,3.780584
58,1.935269,far,1.969773,2.908973,2.908973,5.225119
59,1.968635,near,1.548343,2.128255,2.128255,3.780584
59,1.968635,far,2.495571,3.121580,3.121580,6.371842
60,2.002002,near,1.753519,2.199429,2.199429,3.780584
60,2.002002,far,2.434622,3.121580,3.121580,6.371842
61,2.035369,near,1.925218,2.324145,2.324145,3.780584
61,2.035369,far,1.898472,3.121580,3.121580,6.371842
62,2.068735,near,3.024947,2.544311,2.544311,6.598373
62,2.068735,far,1.695776,3.134034,3.134034,6.371842
63,2.102102,near,4.171848,2.805079,2.805079,7.815228
63,2.102102,far,1.421160,3.134034,3.134034,6.371842
64,2.135469,near,3.964718,2.855543,2.855543,7.815228
64,2.135469,far,1.248609,3.158944,3.158944,6.371842
65,2.168836,near,3.823894,2.893800,2.893800,7.815228
65,2.168836,far,1.025743,3.326934,3.326934,6.371842
66,2.202202,near,3.901137,2.980437,2.980437,7.815228
66,2.202202,far,1.591404,3.440179,3.440179,6.371842
67,2.235569,near,3.706441,3.066175,3.066175,7.815228
67,2.235569,far,1.653764,3.452664,3.452664,6.371842
68,2.268936,near,3.225610,3.190079,3.190079,7.815228
68,2.268936,far,2.152243,3.564914,3.564914,6.371842
69,2.302302,near,3.005992,3.406880,3.406880,7.815228
69,2.302302,far,2.723638,3.679307,3.679307,6.371842
70,2.335669,near,3.233104,3.502811,3.502811,7.815228
70,2.335669,far,3.434549,3.846542,3.846542,6.371842
71,2.369036,near,3.512216,3.596946,3.596946,7.815228
71,2.369036,far,2.595442,3.846542,3.846542,6.371842
72,2.402402,near,3.411101,3.663340,3.663340,7.815228
72,2.402402,far,2.155372,3.871685,3.871685,6.371842
73,2.435769,near,3.502976,3.767472,3.767472,7.815228
73,2.435769,far,3.532675,4.159906,4.159906,8.637978
74,2.469136,near,3.403348,3.871430,3.871430,7.815228
74,2.469136,far,4.403188,4.446433,4.446433,8.637978
75,2.502503,near,2.487570,3.904892,3.904892,7.815228
75,2.502503,far,4.687383,4.617722,4.617722,8.637978
76,2.535869,near,2.250006,3.953262,3.953262,7.815228
76,2.535869,far,3.915279,4.630381,4.630381,8.637978
77,2.569236,near,2.123827,4.022136,4.022136,7.815228
77,2.569236,far,4.226963,4.692781,4.692781,8.637978
78,2.602603,near,2.255258,4.114843,4.114843,7.815228
78,2.602603,far,4.164763,4.705472,4.705472,8.637978
79,2.635969,near,2.928683,4.353795,4.353795,7.815228
79,2.635969,far,3.038336,4.768182,4.768182,8.637978
80,2.669336,near,2.807966,4.433585,4.433585,7.815228
80,2.669336,far,2.199818,4.886837,4.886837,8.637978
81,2.702703,near,3.159367,4.537398,4.537398,7.815228
81,2.702703,far,1.407483,4.899500,4.899500,8.637978
82,2.736069,near,3.611934,4.676372,4.676372,7.815228
82,2.736069,far,1.534027,4.937494,4.937494,8.637978
83,2.769436,near,3.267908,4.676372,4.676372,7.815228
83,2.769436,far,1.285604,4.950159,4.950159,8.637978
84,2.802803,near,3.154501,4.746375,4.746375,7.815228
84,2.802803,far,1.348728,4.975487,4.975487,8.637978
85,2.836170,near,2.312367,4.816731,4.816731,7.815228
85,2.836170,far,1.608928,5.090289,5.090289,8.637978
86,2.869536,near,2.091185,4.852241,4.852241,7.815228
86,2.869536,far,2.164477,5.320165,5.320165,8.637978
87,2.902903,near,1.719861,4.881714,4.881714,7.815228
87,2.902903,far,3.289846,5.558128,5.558128,8.637978
88,2.936270,near,1.405796,4.957813,4.957813,7.815228
88,2.936270,far,4.212742,5.780886,5.780886,8.637978
89,2.969636,near,2.108726,5.098540,5.098540,7.815228
89,2.969636,far,5.613038,6.073890,6.073890,8.781349
90,3.003003,near,1.759061,5.098540,5.098540,7.815228
90,3.003003,far,5.486523,6.073890,6.073890,8.781349
91,3.036370,near,2.083372,5.233823,5.233823,7.815228
91,3.036370,far,5.207424,6.132817,6.132817,8.781349
92,3.069736,near,2.408037,5.334330,5.334330,7.815228
92,3.069736,far,4.059193,6.132817,6.132817,8.781349
93,3.103103,near,2.509532,5.384123,5.384123,7.815228
93,3.103103,far,3.613301,6.281512,6.281512,8.781349
94,3.136470,near,2.345446,5.427372,5.427372,7.815228
94,3.136470,far,3.046074,6.390710,6.390710,8.781349
95,3.169837,near,2.313039,5.561611,5.561611,7.815228
95,3.169837,far,2.052299,6.484761,6.484761,8.781349
96,3.203203,near,2.984223,5.695982,5.695982,7.815228
96,3.203203,far,2.642798,6.602979,6.602979,8.781349
97,3.236570,near,2.813775,5.797141,5.797141,7.815228
97,3.236570,far,2.348461,6.602979,6.602979,8.781349
98,3.269937,near,3.159427,5.966848,5.966848,7.815228
98,3.269937,far,2.348461,6.602979,6.602979,8.781349
99,3.303303,near,3.082076,6.001155,6.001155,7.815228
99,3.303303,far,3.174175,6.916982,6.916982,9.410680
100,3.336670,near,3.245111,6.077044,6.077044,7.815228
100,3.336670,far,3.884542,7.168396,7.168396,9.410680
101,3.370037,near,2.797547,6.121680,6.121680,7.815228
101,3.370037,far,3.414759,7.168396,7.168396,9.410680
102,3.403403,near,2.489198,6.194319,6.194319,7.815228
102,3.403403,far,3.302548,7.264150,7.264150,9.410680
103,3.436770,near,2.400454,6.277712,6.277712,7.815228
103,3.436770,far,3.417516,7.287166,7.287166,9.410680
104,3.470137,near,1.699749,6.307139,6.307139,7.815228
104,3.470137,far,3.666018,7.336917,7.336917,9.410680
105,3.503504,near,1.749905,6.351486,6.351486,7.815228
105,3.503504,far,3.044702,7.526532,7.526532,9.410680
106,3.536870,near,2.411244,6.559775,6.559775,7.815228
106,3.536870,far,2.023543,7.573510,7.573510,9.410680
107,3.570237,near,2.895167,6.701293,6.701293,7.815228
107,3.570237,far,2.968763,7.762743,7.762743,9.410680
108,3.603604,near,3.437176,6.882443,6.882443,7.815228
108,3.603604,far,2.990297,7.862808,7.862808,9.410680
109,3.636970,near,3.399281,6.958249,6.958249,7.815228
109,3.636970,far,3.118847,7.911560,7.911560,9.410680
110,3.670337,near,3.612516,7.030365,7.030365,7.815228
110,3.670337,far,2.927955,7.923094,7.923094,9.410680
111,3.703704,near,3.440890,7.040353,7.040353,7.815228
111,3.703704,far,3.432293,8.213678,8.213678,9.410680
112,3.737070,near,2.588193,7.077932,7.077932,7.815228
112,3.737070,far,3.492263,8.272662,8.272662,9.410680
113,3.770437,near,2.238642,7.149469,7.149469,7.815228
113,3.770437,far,2.898017,8.342927,8.342927,9.410680
114,3.803804,near,1.540822,7.190916,7.190916,7.815228
114,3.803804,far,2.645116,8.392361,8.392361,9.410680
115,3.837171,near,1.311312,7.220774,7.220774,7.815228
115,3.837171,far,2.679741,8.448045,8.448045,9.410680
116,3.870537,near,1.390172,7.308678,7.308678,7.815228
116,3.870537,far,3.179597,8.559650,8.559650,9.410680
117,3.903904,near,1.538477,7.348357,7.348357,7.815228
117,3.903904,far,1.998523,8.613783,8.613783,9.410680
118,3.937271,near,2.410914,7.560597,7.560597,7.815228
118,3.937271,far,1.985393,8.670138,8.670138,9.410680
119,3.970637,near,2.225564,7.595028,7.595028,7.815228
119,3.970637,far,1.885650,8.720434,8.720434,9.410680
120,4.004004,near,2.531570,7.697737,7.697737,7.815228
120,4.004004,far,2.403816,8.873605,8.873605,9.410680
121,4.037371,near,2.557270,7.732740,7.732740,7.815228
121,4.037371,far,3.635621,9.175897,9.175897,9.410680
122,4.070737,near,2.295473,7.768232,7.768232,7.815228
122,4.070737,far,3.338060,9.227930,9.227930,9.410680
123,4.104104,near,3.106071,7.970193,7.970193,7.815228
123,4.104104,far,3.346090,9.283671,9.283671,9.410680
124,4.137471,near,2.563344,8.073779,8.073779,7.815228
124,4.137471,far,3.844409,9.439789,9.439789,9.410680
125,4.170838,near,2.611492,8.117849,8.117849,7.815228
125,4.170838,far,3.593178,9.439789,9.439789,9.410680
126,4.204204,near,2.745413,8.247369,8.247369,7.815228
126,4.204204,far,3.009118,9.476031,9.476031,9.410680
127,4.237571,near,3.526342,8.438714,8.438714,7.815228
127,4.237571,far,2.623325,9.701087,9.701087,9.410680
128,4.270938,near,3.976790,8.564386,8.564386,7.815228
128,4.270938,far,2.900442,9.808599,9.808599,9.410680
129,4.304304,near,3.736867,8.718314,8.718314,7.815228
129,4.304304,far,3.207998,9.925912,9.925912,9.410680
130,4.337671,near,4.127593,8.900124,8.900124,7.815228
130,4.337671,far,3.253559,10.091152,10.091152,9.410680
131,4.371038,near,4.504227,9.019596,9.019596,7.815228
131,4.371038,far,4.614218,10.363557,10.363557,9.410680
132,4.404404,near,4.153133,9.078827,9.078827,7.815228
132,4.404404,far,5.522360,10.581609,10.581609,9.410680
133,4.437771,near,3.473103,9.134030,9.134030,7.815228
133,4.437771,far,5.231354,10.748405,10.748405,9.410680
134,4.471138,near,3.084799,9.181963,9.181963,7.815228
134,4.471138,far,5.025150,10.814635,10.814635,9.410680
135,4.504505,near,2.514875,9.221793,9.221793,7.815228
135,4.504505,far,4.999821,10.926878,10.926878,9.410680
136,4.537871,near,1.974084,9.295336,9.295336,7.815228
136,4.537871,far,4.456714,10.983387,10.983387,9.410680
137,4.571238,near,1.985596,9.417113,9.417113,7.815228
137,4.571238,far,3.378321,11.039897,11.039897,9.410680
138,4.604605,near,2.337959,9.546887,9.546887,7.815228
138,4.604605,far,2.570119,11.096147,11.096147,9.410680
139,4.637971,near,3.372586,9.809223,9.809223,7.862207
139,4.637971,far,2.017938,11.152397,11.152397,9.410680
140,4.671338,near,3.479868,9.878634,9.878634,7.862207
140,4.671338,far,2.803305,11.375857,11.375857,9.410680
141,4.704705,near,3.572365,9.936981,9.936981,7.862207
141,4.704705,far,2.527070,11.432797,11.432797,9.410680
142,4.738071,near,4.324551,10.161112,10.161112,7.862207
142,4.738071,far,2.519425,11.487777,11.487777,9.410680
143,4.771438,near,3.964449,10.210796,10.210796,7.862207
143,4.771438,far,2.237158,11.487777,11.487777,9.410680
144,4.804805,near,4.379820,10.423727,10.423727,7.862207
144,4.804805,far,3.065666,11.709894,11.709894,9.410680
145,4.838172,near,3.732280,10.556426,10.556426,7.862207
145,4.838172,far,3.069593,11.766930,11.766930,9.410680
146,4.871538,near,4.532734,10.786088,10.786088,7.862207
146,4.871538,far,2.521804,11.880723,11.880723,9.410680
147,4.904905,near,5.384348,11.014929,11.014929,7.862207
147,4.904905,far,2.526180,11.938539,11.938539,9.410680
148,4.938272,near,4.532688,11.068557,11.068557,7.862207
148,4.938272,far,2.560042,12.000298,12.000298,9.410680
149,4.971638,near,4.666950,11.145121,11.145121,7.862207
149,4.971638,far,3.144501,12.117307,12.117307,9.410680
150,5.005005,near,4.213655,11.267302,11.267302,7.862207
150,5.005005,far,2.415130,12.193404,12.193404,9.410680
151,5.038372,near,3.550827,11.267302,11.267302,7.862207
151,5.038372,far,2.447930,12.257006,12.257006,9.410680
152,5.071738,near,2.653284,11.317276,11.317276,7.862207
152,5.071738,far,2.133745,12.307899,12.307899,9.410680
153,5.105105,near,1.551366,11.325512,11.325512,7.862207
153,5.105105,far,2.193702,12.377719,12.377719,9.410680
154,5.138472,near,1.409471,11.350734,11.350734,7.862207
154,5.138472,far,2.180099,12.436754,12.436754,9.410680
155,5.171839,near,1.179295,11.381216,11.381216,7.862207
155,5.171839,far,1.595640,12.436754,12.436754,9.410680
156,5.205205,near,0.939820,11.455454,11.455454,7.862207
156,5.205205,far,1.530801,12.499870,12.499870,9.410680
157,5.238572,near,1.227202,11.512988,11.512988,7.862207
157,5.238572,far,1.800462,12.617459,12.617459,9.410680
158,5.271939,near,1.436787,11.604921,11.604921,7.862207
158,5.271939,far,1.934299,12.695146,12.695146,9.410680
159,5.305305,near,1.702470,11.666347,11.666347,7.862207
159,5.305305,far,2.020189,12.782161,12.782161,9.410680
160,5.338672,near,1.859943,11.723095,11.723095,7.862207
160,5.338672,far,2.213200,12.879837,12.879837,9.410680
161,5.372039,near,1.990334,11.779681,11.779681,7.862207
161,5.372039,far,2.750992,12.987503,12.987503,9.410680
162,5.405405,near,2.141402,11.884163,11.884163,7.862207
162,5.405405,far,3.470740,13.194713,13.194713,9.410680
163,5.438772,near,1.936034,11.900582,11.900582,7.862207
163,5.438772,far,2.883383,13.194713,13.194713,9.410680
164,5.472139,near,1.653601,11.935972,11.935972,7.862207
164,5.472139,far,3.828629,13.461639,13.461639,9.410680
165,5.505506,near,1.475810,11.961805,11.961805,7.862207
165,5.505506,far,3.858661,13.554666,13.554666,9.410680
166,5.538872,near,1.321012,11.987562,11.987562,7.862207
166,5.538872,far,3.746759,13.629939,13.629939,9.410680
167,5.572239,near,1.120027,12.003911,12.003911,7.862207
167,5.572239,far,3.578975,13.704015,13.704015,9.410680
168,5.605606,near,1.079813,12.100342,12.100342,7.862207
168,5.605606,far,3.834617,13.962404,13.962404,9.410680
169,5.638972,near,2.103897,12.321783,12.321783,7.862207
169,5.638972,far,4.185934,14.032738,14.032738,9.410680
170,5.672339,near,2.447717,12.426006,12.426006,7.862207
170,5.672339,far,3.839769,14.230361,14.230361,9.410680
171,5.705706,near,2.615778,12.485484,12.485484,7.862207
171,5.705706,far,3.765533,14.308526,14.308526,9.410680
172,5.739072,near,2.837928,12.555715,12.555715,7.862207
172,5.739072,far,3.797239,14.390147,14.390147,9.410680
173,5.772439,near,3.573048,12.719236,12.719236,7.862207
173,5.772439,far,4.155706,14.535988,14.535988,9.410680
174,5.805806,near,3.547910,12.810634,12.810634,7.862207
174,5.805806,far,3.863699,14.735917,14.735917,9.410680
175,5.839173,near,3.039816,12.930355,12.930355,7.862207
175,5.839173,far,3.875182,14.808550,14.808550,9.410680
176,5.872539,near,3.328566,13.092385,13.092385,7.862207
176,5.872539,far,3.562270,14.943528,14.943528,9.410680
177,5.905906,near,3.533511,13.192894,13.192894,7.862207
177,5.905906,far,3.240519,14.957279,14.957279,9.410680
178,5.939273,near,3.745813,13.305628,13.305628,7.862207
178,5.939273,far,2.832823,14.957279,14.957279,9.410680
179,5.972639,near,3.323402,13.384581,13.384581,7.862207
179,5.972639,far,3.160494,15.168719,15.168719,9.410680
180,6.006006,near,3.541693,13.519682,13.519682,7.862207
180,6.006006,far,2.904086,15.317316,15.317316,9.410680
181,6.039373,near,3.161501,13.563288,13.563288,7.862207
181,6.039373,far,3.252834,15.459768,15.459768,9.410680
182,6.072739,near,2.862169,13.665392,13.665392,7.862207
182,6.072739,far,2.944609,15.533039,15.533039,9.410680
183,6.106106,near,2.808769,13.755210,13.755210,7.862207
183,6.106106,far,3.232239,15.604374,15.604374,9.410680
184,6.139473,near,2.600609,13.826270,13.826270,7.862207
184,6.139473,far,3.600101,15.678020,15.678020,9.410680
185,6.172840,near,2.537692,13.892628,13.892628,7.862207
185,6.172840,far,2.906325,15.750566,15.750566,9.410680
186,6.206206,near,2.196528,13.959427,13.959427,7.862207
186,6.206206,far,2.882357,15.894364,15.894364,9.410680
187,6.239573,near,2.725853,14.109004,14.109004,7.862207
187,6.239573,far,2.897244,16.039797,16.039797,9.410680
188,6.272940,near,2.479869,14.161862,14.161862,7.862207
188,6.272940,far,2.531254,16.039797,16.039797,9.410680
189,6.306306,near,2.464831,14.248669,14.248669,7.862207
189,6.306306,far,2.558654,16.116617,16.116617,9.410680
190,6.339673,near,2.289833,14.284695,14.284695,7.862207
190,6.339673,far,2.643625,16.207274,16.207274,9.410680
191,6.373040,near,2.158056,14.324671,14.324671,7.862207
191,6.373040,far,2.576284,16.266339,16.266339,9.410680
192,6.406406,near,2.020176,14.363867,14.363867,7.862207
192,6.406406,far,2.249624,16.344740,16.344740,9.410680
193,6.439773,near,1.444995,14.398293,14.398293,7.862207
193,6.439773,far,1.523188,16.344740,16.344740,9.410680
194,6.473140,near,1.352925,14.432718,14.432718,7.862207
194,6.473140,far,1.893048,16.418786,16.418786,9.410680
195,6.506507,near,0.919324,14.432718,14.432718,7.862207
195,6.506507,far,2.027314,16.522485,16.522485,9.410680
196,6.539873,near,0.739374,14.432718,14.432718,7.862207
196,6.539873,far,2.077099,16.623109,16.623109,9.410680
197,6.573240,near,0.829195,14.490676,14.490676,7.862207
197,6.573240,far,2.153276,16.697425,16.697425,9.410680
198,6.606607,near,1.082490,14.580582,14.580582,7.862207
198,6.606607,far,1.835915,16.712290,16.712290,9.410680
199,6.639973,near,0.910535,14.580582,14.580582,7.862207
199,6.639973,far,1.835915,16.712290,16.712290,9.410680
200,6.673340,near,0.885512,14.609998,14.609998,7.862207
200,6.673340,far,1.466056,16.712290,16.712290,9.410680
201,6.706707,near,1.060548,14.645040,14.645040,7.862207
201,6.706707,far,0.948076,16.712290,16.712290,9.410680
202,6.740073,near,1.648025,14.762653,14.762653,7.862207
202,6.740073,far,0.445458,16.712290,16.712290,9.410680
203,6.773440,near,2.510468,14.993272,14.993272,7.862207
203,6.773440,far,0.074253,16.712290,16.712290,9.410680
204,6.806807,near,2.209380,15.022900,15.022900,7.862207
204,6.806807,far,0.000000,16.712290,16.712290,9.410680
205,6.840174,near,2.662511,15.113617,15.113617,7.862207
205,6.840174,far,0.259113,17.075411,17.075411,9.410680
206,6.873540,near,2.946135,15.199815,15.199815,7.862207
206,6.873540,far,0.259113,17.075411,17.075411,9.410680
207,6.906907,near,3.083774,15.262412,15.262412,7.862207
207,6.906907,far,0.259113,17.075411,17.075411,9.410680
208,6.940274,near,2.814971,15.326211,15.326211,7.862207
208,6.940274,far,0.259113,17.075411,17.075411,9.410680
209,6.973640,near,2.109999,15.415694,15.415694,7.862207
209,6.973640,far,0.654615,17.154591,17.154591,9.410680
210,7.007007,near,2.157254,15.454783,15.454783,7.862207
210,7.007007,far,1.383980,17.300610,17.300610,9.410680
211,7.040374,near,2.171744,15.548401,15.548401,7.862207
211,7.040374,far,2.218457,17.519547,17.519547,9.410680
212,7.073740,near,1.831613,15.566504,15.566504,7.862207
212,7.073740,far,2.571436,17.590213,17.590213,9.410680
213,7.107107,near,2.115531,15.685942,15.685942,7.862207
213,7.107107,far,2.924416,17.660880,17.660880,9.410680
214,7.140474,near,1.976481,15.721903,15.721903,7.862207
214,7.140474,far,2.994966,17.675004,17.675004,9.410680
215,7.173841,near,1.970954,15.810280,15.810280,7.862207
215,7.173841,far,3.669373,17.889200,17.889200,9.410680
216,7.207207,near,1.956185,15.846412,15.846412,7.862207
216,7.207207,far,3.298497,17.960970,17.960970,9.410680
217,7.240574,near,1.669018,15.882538,15.882538,7.862207
217,7.240574,far,2.204907,17.960970,17.960970,9.410680
218,7.273941,near,1.809553,15.928777,15.928777,7.862207
218,7.273941,far,2.308134,18.052302,18.052302,9.410680
219,7.307307,near,1.728041,16.031896,16.031896,7.862207
219,7.307307,far,3.383686,18.338294,18.338294,9.410680
220,7.340674,near,2.182267,16.158793,16.158793,7.862207
220,7.340674,far,3.718269,18.419402,18.419402,9.410680
221,7.374041,near,1.969260,16.204526,16.204526,7.862207
221,7.374041,far,3.055531,18.500918,18.500918,9.410680
222,7.407407,near,2.060866,16.258997,16.258997,7.862207
222,7.407407,far,2.697042,18.500918,18.500918,9.410680
223,7.440774,near,2.205795,16.324139,16.324139,7.862207
223,7.440774,far,3.527213,18.667118,18.667118,9.410680
224,7.474141,near,2.207878,16.370794,16.370794,7.862207
224,7.474141,far,3.071007,18.667118,18.667118,9.410680
225,7.507508,near,2.284714,16.489297,16.489297,7.862207
225,7.507508,far,2.849073,18.908679,18.908679,9.410680
226,7.540874,near,1.800085,16.519170,16.519170,7.862207
226,7.540874,far,2.915946,19.003175,19.003175,9.410680
227,7.574241,near,1.727906,16.550453,16.550453,7.862207
227,7.574241,far,3.187807,19.139118,19.139118,9.410680
228,7.607608,near,1.905495,16.640478,16.640478,7.862207
228,7.607608,far,3.514105,19.204443,19.204443,9.410680
229,7.640974,near,1.734838,16.671454,16.671454,7.862207
229,7.640974,far,3.350247,19.337839,19.337839,9.410680
230,7.674341,near,1.501794,16.671454,16.671454,7.862207
230,7.674341,far,4.377281,19.543451,19.543451,9.410680
231,7.707708,near,0.909875,16.671454,16.671454,7.862207
231,7.707708,far,3.561299,19.621652,19.621652,9.410680
232,7.741074,near,0.806167,16.680565,16.680565,7.862207
232,7.741074,far,3.089293,19.621652,19.621652,9.410680
233,7.774441,near,0.695420,16.689676,16.689676,7.862207
233,7.774441,far,2.851463,19.709981,19.709981,9.410680
234,7.807808,near,0.542687,16.749124,16.749124,7.862207
234,7.807808,far,3.947791,19.994791,19.994791,9.410680
235,7.841175,near,0.987858,16.869223,16.869223,7.862207
235,7.841175,far,4.403284,20.219377,20.219377,9.410680
236,7.874541,near,1.293999,16.930513,16.930513,7.862207
236,7.874541,far,3.932418,20.330722,20.330722,9.410680
237,7.907908,near,1.340128,16.939748,16.939748,7.862207
237,7.907908,far,4.100692,20.442612,20.442612,9.410680
238,7.941275,near,1.453496,16.971555,16.971555,7.862207
238,7.941275,far,4.912087,20.605053,20.605053,9.410680
239,7.974641,near,1.566338,17.003258,17.003258,7.862207
239,7.974641,far,4.978983,20.706775,20.706775,9.410680
240,8.008008,near,2.167710,17.183100,17.183100,7.862207
240,8.008008,far,4.715027,20.938741,20.938741,9.410680
241,8.041375,near,1.839534,17.237498,17.237498,7.862207
241,8.041375,far,4.143111,21.048828,21.048828,9.410680
242,8.074741,near,1.842872,17.299456,17.299456,7.862207
242,8.074741,far,3.868677,21.105232,21.105232,9.410680
243,8.108108,near,2.242236,17.388644,17.388644,7.862207
243,8.108108,far,3.309788,21.105232,21.105232,9.410680
244,8.141475,near,2.389828,17.449999,17.449999,7.862207
244,8.141475,far,2.498392,21.105232,21.105232,9.410680
245,8.174842,near,2.402682,17.484275,17.484275,7.862207
245,8.174842,far,1.990293,21.105232,21.105232,9.410680
246,8.208208,near,1.848766,17.553223,17.553223,7.862207
246,8.208208,far,1.175412,21.174058,21.174058,9.410680
247,8.241575,near,1.924773,17.622838,17.622838,7.862207
247,8.241575,far,1.896223,21.428453,21.428453,9.410680
248,8.274942,near,1.931668,17.686176,17.686176,7.862207
248,8.274942,far,2.248703,21.555423,21.555423,9.410680
249,8.308308,near,2.076700,17.804400,17.804400,7.862207
249,8.308308,far,2.558843,21.617513,21.617513,9.410680
250,8.341675,near,3.018732,18.054350,18.054350,7.862207
250,8.341675,far,2.878066,21.681421,21.681421,9.410680
251,8.375042,near,3.398538,18.164663,18.164663,7.862207
251,8.375042,far,3.194360,21.744743,21.744743,9.410680
252,8.408408,near,3.054142,18.164663,18.164663,7.862207
252,8.408408,far,3.163729,21.807437,21.807437,9.410680
253,8.441775,near,3.392708,18.302059,18.302059,7.862207
253,8.441775,far,2.517830,21.932523,21.932523,9.410680
254,8.475142,near,4.304472,18.547933,18.547933,7.862207
254,8.475142,far,2.015110,21.958848,21.958848,9.410680
255,8.508509,near,3.944216,18.594032,18.594032,7.862207
255,8.508509,far,1.770718,21.972011,21.972011,9.410680
256,8.541875,near,2.961486,18.647240,18.647240,7.862207
256,8.541875,far,1.517243,21.985174,21.985174,9.410680
257,8.575242,near,3.310261,18.827378,18.827378,7.862207
257,8.575242,far,1.835307,22.112172,22.112172,9.410680
258,8.608609,near,3.921930,18.949834,18.949834,7.862207
258,8.608609,far,1.654309,22.138630,22.138630,9.410680
259,8.641975,near,4.025875,19.108040,19.108040,7.862207
259,8.641975,far,1.396503,22.212103,22.212103,9.410680
260,8.675342,near,3.127862,19.174131,19.174131,7.862207
260,8.675342,far,1.953182,22.349875,22.349875,9.410680
261,8.708709,near,3.383701,19.271450,19.271450,7.862207
261,8.708709,far,2.589411,22.490411,22.490411,9.410680
262,8.742075,near,3.808598,19.409722,19.409722,7.862207
262,8.742075,far,2.523663,22.490411,22.490411,9.410680
263,8.775442,near,3.406874,19.509435,19.509435,7.862207
263,8.775442,far,2.341535,22.580948,22.580948,9.410680
264,8.808809,near,2.961587,19.542745,19.542745,7.862207
264,8.808809,far,2.709450,22.681063,22.681063,9.410680
265,8.842176,near,2.363321,19.581177,19.581177,7.862207
265,8.842176,far,3.635223,22.939875,22.939875,9.410680
266,8.875542,near,2.364753,19.647555,19.647555,7.862207
266,8.875542,far,3.339058,23.018355,23.018355,9.410680
267,8.908909,near,2.376217,19.747169,19.747169,7.862207
267,8.908909,far,3.289330,23.148936,23.148936,9.410680
268,8.942276,near,1.860222,19.782139,19.782139,7.862207
268,8.942276,far,4.211850,23.333625,23.333625,9.410680
269,8.975642,near,1.410156,19.791748,19.791748,7.862207
269,8.975642,far,4.347231,23.451264,23.451264,9.410680
270,9.009009,near,2.068913,19.956941,19.956941,7.862207
270,9.009009,far,4.200336,23.521971,23.521971,9.410680
271,9.042376,near,2.698142,20.121346,20.121346,7.862207
271,9.042376,far,2.971630,23.534796,23.534796,9.410680
272,9.075742,near,2.462588,20.140566,20.140566,7.862207
272,9.075742,far,3.164502,23.651889,23.651889,9.410680
273,9.109109,near,3.307850,20.409401,20.409401,8.057002
273,9.109109,far,2.804007,23.710299,23.710299,9.410680
274,9.142476,near,3.484188,20.479674,20.479674,8.057002
274,9.142476,far,2.473152,23.828750,23.828750,9.410680
275,9.175843,near,3.975832,20.587711,20.587711,8.057002
275,9.175843,far,1.885541,23.828750,23.828750,9.410680
276,9.209209,near,3.701930,20.698068,20.698068,8.057002
276,9.209209,far,1.826866,23.887710,23.887710,9.410680
277,9.242576,near,3.241806,20.770356,20.770356,8.057002
277,9.242576,far,2.351719,24.005611,24.005611,9.410680
278,9.275943,near,3.339977,20.809230,20.809230,8.057002
278,9.275943,far,2.058593,24.064020,24.064020,9.410680
279,9.309309,near,2.216016,20.853048,20.853048,8.057002
279,9.309309,far,2.351891,24.181148,24.181148,9.410680
280,9.342676,near,2.376108,20.955372,20.955372,8.057002
280,9.342676,far,2.349386,24.299098,24.299098,9.410680
281,9.376043,near,2.363962,21.060976,21.060976,8.057002
281,9.376043,far,2.795437,24.388397,24.388397,9.410680
282,9.409409,near,2.472882,21.193140,21.193140,8.057002
282,9.409409,far,3.010521,24.490417,24.490417,9.410680
283,9.442776,near,3.248267,21.420660,21.420660,8.057002
283,9.442776,far,2.739995,24.554158,24.554158,9.410680
284,9.476143,near,3.242794,21.458438,21.458438,8.057002
284,9.476143,far,2.702946,24.605150,24.605150,9.410680
285,9.509510,near,3.071059,21.467875,21.467875,8.057002
285,9.509510,far,2.499521,24.681552,24.681552,9.410680
286,9.542876,near,2.950361,21.546034,21.546034,8.057002
286,9.542876,far,2.710556,24.841752,24.841752,9.410680
287,9.576243,near,2.907570,21.643073,21.643073,8.057002
287,9.576243,far,2.264505,24.841752,24.841752,9.410680
288,9.609610,near,2.501353,21.693911,21.693911,8.057002
288,9.609610,far,2.676156,25.026184,25.026184,9.410680
289,9.642976,near,1.549923,21.730955,21.730955,8.057002
289,9.642976,far,2.827261,25.120177,25.120177,9.410680
290,9.676343,near,1.503938,21.759526,21.759526,8.057002
290,9.676343,far,2.572556,25.120177,25.120177,9.410680
291,9.709710,near,1.808402,21.829917,21.829917,8.057002
291,9.709710,far,2.603198,25.202713,25.202713,9.410680
292,9.743076,near,1.561243,21.858595,21.858595,8.057002
292,9.743076,far,3.380995,25.518628,25.518628,9.467956
293,9.776443,near,1.172044,21.877716,21.877716,8.057002
293,9.776443,far,4.414782,25.725592,25.725592,9.467956
294,9.809810,near,1.061379,21.906400,21.906400,8.057002
294,9.809810,far,3.752332,25.777401,25.777401,9.467956
295,9.843177,near,1.047403,21.940645,21.940645,8.057002
295,9.843177,far,4.078286,25.936650,25.936650,9.467956
296,9.876543,near,1.551852,22.070207,22.070207,8.057002
296,9.876543,far,4.356360,25.992321,25.992321,9.467956
297,9.909910,near,1.533820,22.136988,22.136988,8.057002
297,9.909910,far,4.220923,26.047743,26.047743,9.467956
298,9.943277,near,1.717349,22.202409,22.202409,8.057002
298,9.943277,far,2.702440,26.059657,26.059657,9.467956
299,9.976643,near,1.950929,22.268292,22.268292,8.057002
299,9.976643,far,2.177162,26.161460,26.161460,9.467956
300,10.010010,near,1.855505,22.277872,22.277872,8.057002
300,10.010010,far,2.036876,26.185184,26.185184,9.467956
301,10.043377,near,1.871971,22.315414,22.315414,8.057002
301,10.043377,far,1.749399,26.286880,26.286880,9.467956
302,10.076743,near,1.561730,22.382866,22.382866,8.057002
302,10.076743,far,1.983761,26.389470,26.389470,9.467956
303,10.110110,near,1.398688,22.417006,22.417006,8.057002
303,10.110110,far,2.496289,26.547500,26.547500,9.467956
304,10.143477,near,1.234983,22.449653,22.449653,8.057002
304,10.143477,far,2.799030,26.620023,26.620023,9.467956
305,10.176844,near,1.236171,22.515774,22.515774,8.057002
305,10.176844,far,3.100737,26.782228,26.782228,9.467956
306,10.210210,near,1.684027,22.615015,22.615015,8.057002
306,10.210210,far,3.224126,26.830655,26.830655,9.467956
307,10.243577,near,1.987108,22.713233,22.713233,8.057002
307,10.243577,far,2.776633,26.842763,26.842763,9.467956
308,10.276944,near,2.281305,22.839584,22.839584,8.057002
308,10.276944,far,2.535892,26.897156,26.897156,9.467956
309,10.310310,near,2.204342,22.858316,22.858316,8.057002
309,10.310310,far,2.017037,26.951311,26.951311,9.467956
310,10.343677,near,2.974122,23.045073,23.045073,8.057002
310,10.343677,far,1.654785,26.951311,26.951311,9.467956
311,10.377044,near,3.262809,23.168989,23.168989,8.057002
311,10.377044,far,1.896420,27.161892,27.161892,9.467956
312,10.410410,near,3.222513,23.260163,23.260163,8.057002
312,10.410410,far,1.776052,27.186221,27.186221,9.467956
313,10.443777,near,3.915286,23.497074,23.497074,8.057002
313,10.443777,far,2.250130,27.293239,27.293239,9.467956
314,10.477144,near,3.737301,23.587792,23.587792,8.057002
314,10.477144,far,3.062152,27.510200,27.510200,9.467956
315,10.510511,near,4.363796,23.731949,23.731949,8.057002
315,10.510511,far,3.094121,27.570755,27.570755,9.467956
316,10.543877,near,3.872405,23.820329,23.820329,8.057002
316,10.543877,far,3.928840,27.737866,27.737866,9.467956
317,10.577244,near,4.096659,23.989141,23.989141,8.057002
317,10.577244,far,4.008025,27.964300,27.964300,9.467956
318,10.610611,near,4.328811,24.126791,24.126791,8.057002
318,10.610611,far,4.748651,28.136902,28.136902,9.467956
319,10.643977,near,4.224754,24.342871,24.342871,8.057002
319,10.643977,far,4.402848,28.174691,28.174691,9.467956
320,10.677344,near,4.298166,24.448286,24.448286,8.057002
320,10.677344,far,3.570845,28.225084,28.225084,9.467956
321,10.710711,near,3.709121,24.474515,24.474515,8.057002
321,10.710711,far,3.581292,28.287730,28.287730,9.467956
322,10.744077,near,3.310472,24.483086,24.483086,8.057002
322,10.744077,far,3.593329,28.457251,28.457251,9.467956
323,10.777444,near,2.647947,24.519261,24.519261,8.057002
323,10.777444,far,2.462293,28.457251,28.457251,9.467956
324,10.810811,near,2.278160,24.582879,24.582879,8.057002
324,10.810811,far,1.663683,28.469972,28.469972,9.467956
325,10.844178,near,1.903031,24.723858,24.723858,8.057002
325,10.844178,far,1.789528,28.532954,28.532954,9.467956
326,10.877544,near,1.833738,24.815401,24.815401,8.057002
326,10.877544,far,1.728914,28.571213,28.571213,9.467956
327,10.910911,near,2.218226,24.918605,24.918605,8.057002
327,10.910911,far,1.714286,28.630931,28.630931,9.467956
328,10.944278,near,2.542415,24.992078,24.992078,8.057002
328,10.944278,far,1.163657,28.690215,28.690215,9.467956
329,10.977644,near,2.830520,25.085931,25.085931,8.057002
329,10.977644,far,1.482555,28.754059,28.754059,9.467956
330,11.011011,near,3.835763,25.350800,25.350800,8.057002
330,11.011011,far,2.601281,28.990749,28.990749,9.467956
331,11.044378,near,3.929436,25.510532,25.510532,8.057002
331,11.044378,far,2.607645,29.055006,29.055006,9.467956
332,11.077744,near,4.374207,25.691118,25.691118,8.057002
332,11.077744,far,3.619480,29.295833,29.295833,9.467956
333,11.111111,near,4.720169,25.863583,25.863583,8.057002
333,11.111111,far,3.451104,29.321843,29.321843,9.467956
334,11.144478,near,5.076694,26.008433,26.008433,8.057002
334,11.144478,far,3.483538,29.387620,29.387620,9.467956
335,11.177845,near,5.200955,26.127164,26.127164,8.057002
335,11.177845,far,3.475424,29.449840,29.449840,9.467956
336,11.211211,near,4.375440,26.226764,26.226764,8.057002
336,11.211211,far,2.605453,29.512361,29.512361,9.467956
337,11.244578,near,3.726587,26.256595,26.256595,8.057002
337,11.244578,far,2.617768,29.579083,29.579083,9.467956
338,11.277945,near,3.302276,26.352234,26.352234,8.057002
338,11.277945,far,1.546053,29.605353,29.605353,9.467956
339,11.311311,near,2.481365,26.360353,26.360353,8.057002
339,11.311311,far,2.044025,29.731057,29.731057,9.467956
340,11.344678,near,2.354130,26.479731,26.479731,8.057002
340,11.344678,far,1.846080,29.757206,29.757206,9.467956
341,11.378045,near,1.902121,26.507969,26.507969,8.057002
341,11.378045,far,1.839808,29.818169,29.818169,9.467956
342,11.411411,near,1.601904,26.547465,26.547465,8.057002
342,11.411411,far,1.657831,29.844259,29.844259,9.467956
343,11.444778,near,1.698861,26.596707,26.596707,8.057002
343,11.444778,far,1.324552,29.844259,29.844259,9.467956
344,11.478145,near,1.489216,26.650375,26.650375,8.057002
344,11.478145,far,1.497857,29.905225,29.905225,9.467956
345,11.511512,near,1.804569,26.721628,26.721628,8.057002
345,11.511512,far,1.174494,29.966191,29.966191,9.467956
346,11.544878,near,1.560818,26.792207,26.792207,8.057002
346,11.544878,far,1.375591,30.032600,30.032600,9.467956
347,11.578245,near,1.918136,26.891980,26.891980,8.057002
347,11.578245,far,1.136388,30.045674,30.045674,9.467956
348,11.611612,near,2.087944,26.965472,26.965472,8.057002
348,11.611612,far,1.405942,30.125729,30.125729,9.467956
349,11.644978,near,1.922946,26.981682,26.981682,8.057002
349,11.644978,far,1.903638,30.225368,30.225368,9.467956
350,11.678345,near,1.695358,26.989787,26.989787,8.057002
350,11.678345,far,2.212392,30.348146,30.348146,9.467956
351,11.711712,near,1.931199,27.108254,27.108254,8.057002
351,11.711712,far,1.973455,30.361277,30.361277,9.467956
352,11.745078,near,2.181741,27.228992,27.228992,8.057002
352,11.745078,far,2.863477,30.605868,30.605868,9.467956
353,11.778445,near,2.295666,27.351572,27.351572,8.057002
353,11.778445,far,3.129224,30.672146,30.672146,9.467956
354,11.811812,near,2.684889,27.502988,27.502988,8.057002
354,11.811812,far,3.039954,30.734328,30.734328,9.467956
355,11.845179,near,3.049366,27.592165,27.592165,8.057002
355,11.845179,far,3.143879,30.854773,30.854773,9.467956
356,11.878545,near,4.325372,27.855727,27.855727,8.057002
356,11.878545,far,3.129242,30.974621,30.974621,9.467956
357,11.911912,near,4.447674,27.998680,27.998680,8.057002
357,11.911912,far,3.957849,31.153639,31.153639,9.467956
358,11.945279,near,4.274308,28.084709,28.084709,8.057002
358,11.945279,far,2.800004,31.166430,31.166430,9.467956
359,11.978645,near,4.094580,28.171308,28.171308,8.057002
359,11.978645,far,2.762034,31.225106,31.225106,9.467956
360,12.012012,near,4.093246,28.322456,28.322456,8.057002
360,12.012012,far,2.750640,31.285007,31.285007,9.467956
361,12.045379,near,3.981145,28.389191,28.389191,8.057002
361,12.045379,far,2.736563,31.402633,31.402633,9.467956
362,12.078745,near,3.014698,28.459270,28.459270,8.057002
362,12.078745,far,2.137922,31.402633,31.402633,9.467956
363,12.112112,near,2.711684,28.541559,28.541559,8.057002
363,12.112112,far,1.307915,31.415484,31.415484,9.467956
364,12.145479,near,2.865028,28.658288,28.658288,8.057002
364,12.145479,far,1.372410,31.441186,31.441186,9.467956
365,12.178846,near,2.857429,28.743366,28.743366,8.057002
365,12.178846,far,1.400698,31.505525,31.505525,9.467956
366,12.212212,near,2.531542,28.829272,28.829272,8.057002
366,12.212212,far,1.424418,31.570176,31.570176,9.467956
367,12.245579,near,3.028292,28.995456,28.995456,8.057002
367,12.245579,far,1.448518,31.692627,31.692627,9.467956
368,12.278946,near,3.670196,29.194044,29.194044,8.057002
368,12.278946,far,1.643010,31.731564,31.731564,9.467956
369,12.312312,near,3.259161,29.194044,29.194044,8.057002
369,12.312312,far,1.906385,31.797142,31.797142,9.467956
370,12.345679,near,3.285434,29.316033,29.316033,8.057002
370,12.345679,far,2.076753,31.856953,31.856953,9.467956
371,12.379046,near,3.212230,29.386455,29.386455,8.057002
371,12.379046,far,2.080016,31.921945,31.921945,9.467956
372,12.412412,near,3.296595,29.489251,29.489251,8.057002
372,12.412412,far,1.757089,31.921945,31.921945,9.467956
373,12.445779,near,2.741934,29.544392,29.544392,8.057002
373,12.445779,far,1.209834,31.934836,31.934836,9.467956
374,12.479146,near,2.025473,29.599544,29.599544,8.057002
374,12.479146,far,1.312704,31.994368,31.994368,9.467956
375,12.512513,near,2.502340,29.695013,29.695013,8.057002
375,12.512513,far,1.049687,32.007290,32.007290,9.467956
376,12.545879,near,2.825178,29.881634,29.881634,8.057002
376,12.545879,far,1.075364,32.072241,32.072241,9.467956
377,12.579246,near,2.473418,29.881634,29.881634,8.057002
377,12.579246,far,1.683483,32.258979,32.258979,9.467956
378,12.612613,near,2.295259,29.948762,29.948762,8.057002
378,12.612613,far,2.012057,32.324759,32.324759,9.467956
379,12.645979,near,2.535541,30.052007,30.052007,8.057002
379,12.645979,far,2.207836,32.376845,32.376845,9.467956
380,12.679346,near,2.743233,30.148740,30.148740,8.057002
380,12.679346,far,2.300824,32.454993,32.454993,9.467956
381,12.712713,near,2.566428,30.208812,30.208812,8.057002
381,12.712713,far,2.626746,32.533165,32.533165,9.467956
382,12.746079,near,1.634256,30.208812,30.208812,8.057002
382,12.746079,far,2.983435,32.669525,32.669525,9.467956
383,12.779446,near,2.487624,30.379657,30.379657,8.057002
383,12.779446,far,2.725520,32.804629,32.804629,9.467956
384,12.812813,near,3.346819,30.618796,30.618796,8.057002
384,12.812813,far,3.334685,32.992364,32.992364,9.467956
385,12.846180,near,3.166316,30.685905,30.685905,8.057002
385,12.846180,far,4.580902,33.293943,33.293943,9.467956
386,12.879546,near,3.059066,30.761166,30.761166,8.057002
386,12.879546,far,5.117886,33.479595,33.479595,9.467956
387,12.912913,near,2.856667,30.780718,30.780718,8.057002
387,12.912913,far,5.932277,33.720808,33.720808,9.467956
388,12.946280,near,4.235910,31.056842,31.056842,8.275457
388,12.946280,far,6.720659,34.015002,34.015002,9.467956
389,12.979646,near,3.938484,31.168142,31.168142,8.275457
389,12.979646,far,6.647216,34.135402,34.135402,9.467956
390,13.013013,near,3.834141,31.386392,31.386392,8.275457
390,13.013013,far,6.279306,34.249482,34.249482,9.467956
391,13.046380,near,4.590608,31.604945,31.604945,8.275457
391,13.046380,far,5.431912,34.381413,34.381413,9.467956
392,13.079746,near,4.584754,31.679034,31.679034,8.275457
392,13.079746,far,5.357514,34.552171,34.552171,9.467956
393,13.113113,near,5.053212,31.792372,31.792372,8.275457
393,13.113113,far,5.282229,34.778311,34.778311,9.467956
394,13.146480,near,3.862167,31.830049,31.830049,8.275457
394,13.146480,far,3.937502,34.803291,34.803291,9.467956
395,13.179847,near,3.514505,31.871747,31.871747,8.275457
395,13.179847,far,3.675995,34.871337,34.871337,9.467956
396,13.213213,near,2.798670,31.946686,31.946686,8.275457
396,13.213213,far,3.532444,34.956678,34.956678,9.467956
397,13.246580,near,1.896584,31.984642,31.984642,8.275457
397,13.246580,far,3.476328,35.077374,35.077374,9.467956
398,13.279947,near,1.722972,32.023974,32.023974,8.275457
398,13.279947,far,3.239717,35.200763,35.200763,9.467956
399,13.313313,near,1.895454,32.171842,32.171842,8.275457
399,13.313313,far,3.543394,35.487700,35.487700,9.467956
400,13.346680,near,1.808986,32.192208,32.192208,8.275457
400,13.346680,far,3.753382,35.554719,35.554719,9.467956
401,13.380047,near,2.511004,32.374450,32.374450,8.275457
401,13.380047,far,4.247919,35.721772,35.721772,9.467956
402,13.413413,near,2.379664,32.423095,32.423095,8.275457
402,13.413413,far,4.138672,35.785241,35.785241,9.467956
403,13.446780,near,2.756686,32.536531,32.536531,8.275457
403,13.446780,far,3.932742,35.864710,35.864710,9.467956
404,13.480147,near,2.857564,32.596058,32.596058,8.275457
404,13.480147,far,3.316417,35.864710,35.864710,9.467956
405,13.513514,near,2.417334,32.655793,32.655793,8.275457
405,13.513514,far,2.185925,35.925322,35.925322,9.467956
406,13.546880,near,2.592186,32.711165,32.711165,8.275457
406,13.546880,far,1.851164,35.925322,35.925322,9.467956
407,13.580247,near,1.882192,32.751265,32.751265,8.275457
407,13.580247,far,1.537110,36.029501,36.029501,9.467956
408,13.613614,near,2.056511,32.834809,32.834809,8.275457
408,13.613614,far,1.552022,36.095957,36.095957,9.467956
409,13.646980,near,1.964110,32.929746,32.929746,8.275457
409,13.646980,far,1.466582,36.158320,36.158320,9.467956
410,13.680347,near,1.915185,32.979479,32.979479,8.275457
410,13.680347,far,1.996716,36.264453,36.264453,9.467956
411,13.713714,near,2.043788,33.064960,33.064960,8.275457
411,13.713714,far,2.451609,36.416135,36.416135,9.467956
412,13.747080,near,2.502397,33.212145,33.212145,8.275457
412,13.747080,far,3.432135,36.612436,36.612436,9.467956
413,13.780447,near,3.183515,33.388606,33.388606,8.275457
413,13.780447,far,2.911761,36.612436,36.612436,9.467956
414,13.813814,near,2.951452,33.425690,33.425690,8.275457
414,13.813814,far,2.579816,36.612436,36.612436,9.467956
415,13.847181,near,3.022734,33.534898,33.534898,8.275457
415,13.847181,far,3.742363,36.907542,36.907542,9.467956
416,13.880547,near,2.774318,33.534898,33.534898,8.275457
416,13.880547,far,4.070891,37.079446,37.079446,9.467956
417,13.913914,near,2.727116,33.610929,33.610929,8.275457
417,13.913914,far,3.823892,37.181679,37.181679,9.467956
418,13.947281,near,2.370816,33.686783,33.686783,8.275457
418,13.947281,far,3.853311,37.383870,37.383870,9.467956
419,13.980647,near,1.587543,33.706432,33.706432,8.275457
419,13.980647,far,5.366423,37.686795,37.686795,9.467956
420,14.014014,near,1.917710,33.809616,33.809616,8.275457
420,14.014014,far,5.633221,37.740208,37.740208,9.467956
421,14.047381,near,1.884640,33.912203,33.912203,8.275457
421,14.047381,far,4.935732,37.895676,37.895676,9.467956
422,14.080747,near,2.106843,33.956688,33.956688,8.275457
422,14.080747,far,4.357327,37.951784,37.951784,9.467956
423,14.114114,near,2.243068,34.059991,34.059991,8.275457
423,14.114114,far,4.633877,38.109382,38.109382,9.467956
424,14.147481,near,3.360602,34.359576,34.359576,8.978539
424,14.147481,far,4.218068,38.228328,38.228328,9.467956
425,14.180848,near,4.234212,34.554122,34.554122,8.978539
425,14.180848,far,3.536273,38.394758,38.394758,9.467956
426,14.214214,near,4.522111,34.714944,34.714944,8.978539
426,14.214214,far,4.094888,38.560006,38.560006,9.467956
427,14.247581,near,4.340218,34.781116,34.781116,8.978539
427,14.247581,far,4.217809,38.740083,38.740083,9.467956
428,14.280948,near,4.458417,34.849264,34.849264,8.978539
428,14.280948,far,4.909248,38.934616,38.934616,9.467956
429,14.314314,near,4.944729,35.049927,35.049927,8.978539
429,14.314314,far,4.961087,39.102592,39.102592,9.467956
430,14.347681,near,4.410185,35.242496,35.242496,8.978539
430,14.347681,far,4.916299,39.212572,39.212572,9.467956
431,14.381048,near,4.407555,35.436516,35.436516,8.978539
431,14.381048,far,4.686825,39.333061,39.333061,9.467956
432,14.414414,near,5.130056,35.741982,35.741982,9.154823
432,14.414414,far,3.861411,39.333061,39.333061,9.467956
433,14.447781,near,5.438047,35.869814,35.869814,9.154823
433,14.447781,far,3.873695,39.515597,39.515597,9.467956
434,14.481148,near,5.841703,36.018774,36.018774,9.154823
434,14.481148,far,3.269160,39.589103,39.589103,9.467956
435,14.514515,near,5.036300,36.058195,36.058195,9.154823
435,14.514515,far,3.232192,39.749678,39.749678,9.467956
436,14.547881,near,4.545574,36.152520,36.152520,9.154823
436,14.547881,far,2.982865,39.809742,39.809742,9.467956
437,14.581248,near,3.711118,36.179482,36.179482,9.154823
437,14.581248,far,3.520933,40.037953,40.037953,9.467956
438,14.614615,near,3.044521,36.351496,36.351496,9.154823
438,14.614615,far,4.964613,40.326978,40.326978,9.467956
439,14.647981,near,2.739238,36.418210,36.418210,9.154823
439,14.647981,far,4.941724,40.504931,40.504931,9.467956
440,14.681348,near,2.702518,36.559819,36.559819,9.154823
440,14.681348,far,4.967730,40.583643,40.583643,9.467956
441,14.714715,near,3.765390,36.812027,36.812027,9.154823
441,14.714715,far,4.833813,40.717408,40.717408,9.467956
442,14.748081,near,3.294236,36.812027,36.812027,9.154823
442,14.748081,far,6.012194,41.013385,41.013385,9.467956
443,14.781448,near,4.171481,37.014613,37.014613,9.154823
443,14.781448,far,5.543347,41.147732,41.147732,9.467956
444,14.814815,near,3.783728,37.108999,37.108999,9.154823
444,14.814815,far,4.537100,41.235306,41.235306,9.467956
445,14.848182,near,3.728574,37.164671,37.164671,9.154823
445,14.848182,far,4.301177,41.366028,41.366028,9.467956
446,14.881548,near,3.271349,37.214744,37.214744,9.154823
446,14.881548,far,4.353904,41.455296,41.455296,9.467956
447,14.914915,near,2.142757,37.241008,37.241008,9.154823
447,14.914915,far,4.043708,41.526959,41.526959,9.467956
448,14.948282,near,2.394944,37.291495,37.291495,9.154823
448,14.948282,far,2.695448,41.553014,41.553014,9.467956
449,14.981648,near,1.514995,37.317916,37.317916,9.154823
449,14.981648,far,2.353670,41.618937,41.618937,9.467956
450,15.015015,near,1.193244,37.347886,37.347886,9.154823
450,15.015015,far,1.916238,41.618937,41.618937,9.467956
451,15.048382,near,1.047026,37.374286,37.374286,9.154823
451,15.048382,far,1.328187,41.631931,41.631931,9.467956
452,15.081748,near,1.304010,37.475807,37.475807,9.154823
452,15.081748,far,1.816428,41.818945,41.818945,9.467956
453,15.115115,near,1.383579,37.518000,37.518000,9.154823
453,15.115115,far,2.790500,42.085618,42.085618,9.467956
454,15.148482,near,1.416467,37.575072,37.575072,9.154823
454,15.148482,far,3.543132,42.262350,42.262350,9.467956
455,15.181849,near,1.497530,37.617722,37.617722,9.154823
455,15.181849,far,3.929971,42.405718,42.405718,9.467956
456,15.215215,near,1.517230,37.651636,37.651636,9.154823
456,15.215215,far,4.990712,42.618079,42.618079,9.467956
457,15.248582,near,1.520375,37.678665,37.678665,9.154823
457,15.248582,far,5.417488,42.716513,42.716513,9.467956
458,15.281949,near,1.141523,37.704340,37.704340,9.154823
458,15.281949,far,5.387426,42.897509,42.897509,9.467956
459,15.315315,near,0.973120,37.712819,37.712819,9.154823
459,15.315315,far,4.379038,42.962302,42.962302,9.467956
460,15.348682,near,0.822737,37.739785,37.739785,9.154823
460,15.348682,far,4.085624,43.080293,43.080293,9.467956
461,15.382049,near,0.744385,37.766748,37.766748,9.154823
461,15.382049,far,3.662485,43.138949,43.138949,9.467956
462,15.415415,near,0.963250,37.844479,37.844479,9.154823
462,15.415415,far,3.492840,43.317346,43.317346,9.467956
463,15.448782,near,0.957689,37.870395,37.870395,9.154823
463,15.448782,far,3.001158,43.317346,43.317346,9.467956
464,15.482149,near,1.222592,37.949103,37.949103,9.154823
464,15.482149,far,2.723976,43.442850,43.442850,9.467956
465,15.515516,near,1.577113,38.028557,38.028557,9.154823
465,15.515516,far,3.356880,43.634350,43.634350,9.467956
466,15.548882,near,1.581657,38.056433,38.056433,9.154823
466,15.548882,far,3.409781,43.762932,43.762932,9.467956
467,15.582249,near,1.982392,38.163623,38.163623,9.154823
467,15.582249,far,3.795557,43.898820,43.898820,9.467956
468,15.615616,near,2.272249,38.299384,38.299384,9.154823
468,15.615616,far,3.924791,44.103090,44.103090,9.467956
469,15.648982,near,2.693863,38.409706,38.409706,9.154823
469,15.648982,far,4.674578,44.253197,44.253197,9.467956
470,15.682349,near,2.857005,38.521076,38.521076,9.154823
470,15.682349,far,4.047687,44.253197,44.253197,9.467956
471,15.715716,near,3.023695,38.633902,38.633902,9.154823
471,15.715716,far,3.810956,44.397305,44.397305,9.467956
472,15.749082,near,3.026501,38.662339,38.662339,9.154823
472,15.749082,far,3.875884,44.538884,44.538884,9.467956
473,15.782449,near,2.779864,38.720152,38.720152,9.154823
473,15.782449,far,3.568834,44.613301,44.613301,9.467956
474,15.815816,near,2.270712,38.753981,38.753981,9.154823
474,15.815816,far,2.893697,44.682409,44.682409,9.467956
475,15.849183,near,2.158976,38.841934,38.841934,9.154823
475,15.849183,far,2.482854,44.750265,44.750265,9.467956
476,15.882549,near,1.905454,38.902548,38.902548,9.154823
476,15.882549,far,2.871320,44.828036,44.828036,9.467956
477,15.915916,near,1.540439,38.942298,38.942298,9.154823
477,15.915916,far,3.173151,45.032570,45.032570,9.467956
478,15.949283,near,1.543728,38.971394,38.971394,9.154823
478,15.949283,far,2.465961,45.032570,45.032570,9.467956
479,15.982649,near,1.407139,39.001862,39.001862,9.154823
479,15.982649,far,2.786752,45.171210,45.171210,9.467956
480,16.016016,near,1.533784,39.061045,39.061045,9.154823
480,16.016016,far,3.512810,45.385674,45.385674,9.467956
481,16.049383,near,1.538643,39.149971,39.149971,9.154823
481,16.049383,far,3.525087,45.455988,45.455988,9.467956
482,16.082749,near,1.281406,39.159086,39.159086,9.154823
482,16.082749,far,4.206186,45.670115,45.670115,9.467956
483,16.116116,near,1.173909,39.177315,39.177315,9.154823
483,16.116116,far,3.325432,45.698322,45.698322,9.467956
484,16.149483,near,1.329182,39.237496,39.237496,9.154823
484,16.149483,far,3.466314,45.726527,45.726527,9.467956
485,16.182850,near,1.314018,39.264928,39.264928,9.154823
485,16.182850,far,3.142008,45.800240,45.800240,9.467956
486,16.216216,near,1.064070,39.274072,39.274072,9.154823
486,16.216216,far,2.793976,45.945028,45.945028,9.467956
487,16.249583,near,0.768613,39.303847,39.303847,9.154823
487,16.249583,far,2.809197,46.018390,46.018390,9.467956
488,16.282950,near,0.878898,39.335041,39.335041,9.154823
488,16.282950,far,2.478183,46.166248,46.166248,9.467956
489,16.316316,near,0.833513,39.344184,39.344184,9.154823
489,16.316316,far,3.478176,46.394654,46.394654,9.467956
490,16.349683,near,0.532908,39.344184,39.344184,9.154823
490,16.349683,far,3.479924,46.423208,46.423208,9.467956
491,16.383050,near,0.441556,39.353328,39.353328,9.154823
491,16.383050,far,3.254344,46.451760,46.451760,9.467956
492,16.416416,near,0.441557,39.362472,39.362472,9.154823
492,16.416416,far,2.745020,46.494582,46.494582,9.467956
493,16.449783,near,0.292829,39.362472,39.362472,9.154823
493,16.449783,far,2.779722,46.574891,46.574891,9.467956
494,16.483150,near,0.286250,39.392349,39.392349,9.154823
494,16.483150,far,2.457570,46.658254,46.658254,9.467956
495,16.516517,near,0.240581,39.392349,39.392349,9.154823
495,16.516517,far,1.751837,46.745372,46.745372,9.467956
496,16.549883,near,0.286331,39.401508,39.401508,9.154823
496,16.549883,far,1.989651,46.821537,46.821537,9.467956
497,16.583250,near,0.286410,39.410667,39.410667,9.154823
497,16.583250,far,1.847034,46.821537,46.821537,9.467956
498,16.616617,near,0.240737,39.410667,39.410667,9.154823
498,16.616617,far,2.015574,46.898100,46.898100,9.467956
499,16.649983,near,0.286488,39.419826,39.419826,9.154823
499,16.649983,far,2.022093,46.979714,46.979714,9.467956
500,16.683350,near,0.437232,39.479883,39.479883,9.154823
500,16.683350,far,1.992193,47.057092,47.057092,9.467956
501,16.716717,near,0.587980,39.510062,39.510062,9.154823
501,16.716717,far,1.773576,47.100442,47.100442,9.467956
502,16.750083,near,0.845259,39.570729,39.570729,9.154823
502,16.750083,far,1.816007,47.185102,47.185102,9.467956
503,16.783450,near,1.107939,39.632477,39.632477,9.154823
503,16.783450,far,2.202749,47.262528,47.262528,9.467956
504,16.816817,near,1.569486,39.724878,39.724878,9.154823
504,16.816817,far,1.964622,47.291418,47.291418,9.467956
505,16.850184,near,1.523734,39.724878,39.724878,9.154823
505,16.850184,far,1.969396,47.373988,47.373988,9.467956
506,16.883550,near,1.404339,39.761032,39.761032,9.154823
506,16.883550,far,1.997494,47.456990,47.456990,9.467956
507,16.916917,near,1.300210,39.770365,39.770365,9.154823
507,16.916917,far,2.174009,47.535679,47.535679,9.467956
508,16.950284,near,1.090423,39.789032,39.789032,9.154823
508,16.950284,far,2.909236,47.767531,47.767531,9.467956
509,16.983650,near,0.828616,39.798366,39.798366,9.154823
509,16.983650,far,2.522494,47.767531,47.767531,9.467956
510,17.017017,near,0.529406,39.830866,39.830866,9.154823
510,17.017017,far,2.378188,47.767531,47.767531,9.467956
511,17.050384,near,0.576113,39.840216,39.840216,9.154823
511,17.050384,far,1.965750,47.767531,47.767531,9.467956
512,17.083750,near,0.605545,39.882262,39.882262,9.154823
512,17.083750,far,1.551153,47.767531,47.767531,9.467956
513,17.117117,near,0.899974,39.950540,39.950540,9.154823
513,17.117117,far,1.158101,47.767531,47.767531,9.467956
514,17.150484,near,1.284492,40.046187,40.046187,9.154823
514,17.150484,far,0.000000,47.767531,47.767531,9.467956
515,17.183851,near,1.518682,40.102406,40.102406,9.154823
515,17.183851,far,0.000000,47.767531,47.767531,9.467956
516,17.217217,near,1.680809,40.167364,40.167364,9.154823
516,17.217217,far,0.000000,47.767531,47.767531,9.467956
517,17.250584,near,1.844443,40.209474,40.209474,9.154823
517,17.250584,far,0.073295,47.782205,47.782205,9.467956
518,17.283951,near,1.790476,40.240716,40.240716,9.154823
518,17.283951,far,0.146595,47.796880,47.796880,9.467956
519,17.317317,near,1.658088,40.282489,40.282489,9.154823
519,17.317317,far,0.952668,47.958256,47.958256,9.467956
520,17.350684,near,1.492978,40.345082,40.345082,9.154823
520,17.350684,far,1.025928,47.972922,47.972922,9.467956
521,17.384051,near,1.531063,40.408925,40.408925,9.154823
521,17.384051,far,1.099190,47.987589,47.987589,9.467956
522,17.417417,near,1.372294,40.442098,40.442098,9.154823
522,17.417417,far,1.099190,47.987589,47.987589,9.467956
523,17.450784,near,1.802807,40.570396,40.570396,9.154823
523,17.450784,far,1.025894,47.987589,47.987589,9.467956
524,17.484151,near,1.807761,40.602630,40.602630,9.154823
524,17.484151,far,0.952594,47.987589,47.987589,9.467956
525,17.517518,near,1.784836,40.639814,40.639814,9.154823
525,17.517518,far,0.146521,47.987589,47.987589,9.467956
526,17.550884,near,1.640783,40.673567,40.673567,9.154823
526,17.550884,far,0.073262,47.987589,47.987589,9.467956
527,17.584251,near,1.831268,40.775545,40.775545,9.154823
527,17.584251,far,0.000000,47.987589,47.987589,9.467956
528,17.617618,near,2.326118,40.907787,40.907787,9.154823
528,17.617618,far,0.000000,47.987589,47.987589,9.467956
529,17.650984,near,2.012319,40.973263,40.973263,9.154823
529,17.650984,far,0.000000,47.987589,47.987589,9.467956
530,17.684351,near,2.098573,41.022764,41.022764,9.154823
530,17.684351,far,0.000000,47.987589,47.987589,9.467956
