frame,time_s,visibility,x_px,y_px,court_x_m,court_y_m,speed_mps,is_missing,is_interpolated
0,0.000000,1,455.000,202.000,2.345765,0.000000,0.000000,0,0
1,0.047619,1,455.000,202.000,2.345765,0.000000,0.000000,0,0
2,0.095238,0,,,,,0.000000,1,0
3,0.142857,0,,,,,0.000000,1,0
4,0.190476,1,481.000,122.000,2.986676,0.000000,4.486372,0,0
5,0.238095,1,481.000,122.000,2.986676,0.000000,0.000000,0,0
6,0.285714,0,,,,,0.000000,1,0
7,0.333333,0,,,,,0.000000,1,0
8,0.380952,0,,,,,0.000000,1,0
9,0.428571,0,,,,,0.000000,1,0
10,0.476190,1,528.000,17.000,5.676486,0.000000,11.297205,0,0
11,0.523810,1,528.000,17.000,5.676486,0.000000,0.000000,0,0
12,0.571429,0,,,,,0.000000,1,0
13,0.619048,0,,,,,0.000000,1,0
14,0.666667,0,,,,,0.000000,1,0
15,0.714286,0,,,,,0.000000,1,0
16,0.761905,0,,,,,0.000000,1,0
17,0.809524,0,,,,,0.000000,1,0
18,0.857143,1,478.000,275.000,2.959185,3.194573,12.581779,0,0
19,0.904762,0,,,,,0.000000,1,0
20,0.952381,0,,,,,0.000000,1,0
21,1.000000,0,,,,,0.000000,1,0
22,1.047619,1,487.000,277.000,3.146598,3.326539,1.203368,0,0
23,1.095238,1,646.000,9.000,6.100000,0.000000,93.416838,0,0
24,1.142857,1,648.000,15.000,6.100000,0.000000,0.000000,0,0
25,1.190476,1,652.000,20.000,6.100000,0.000000,0.000000,0,0
26,1.238095,1,656.000,30.000,6.100000,0.000000,0.000000,0,0
27,1.285714,1,660.000,35.000,6.100000,0.000000,0.000000,0,0
28,1.333333,1,678.000,98.000,6.100000,0.000000,0.000000,0,0
29,1.380952,1,682.000,109.000,6.100000,0.000000,0.000000,0,0
30,1.428571,1,682.000,115.000,6.100000,0.000000,0.000000,0,0
31,1.476190,1,684.000,204.000,6.100000,0.000000,0.000000,0,0
32,1.523810,1,669.000,177.000,6.100000,0.000000,0.000000,0,0
33,1.571429,1,611.000,253.000,5.888146,1.650858,34.952313,0,0
34,1.619048,1,596.000,277.000,5.409187,3.326539,36.598548,0,0
35,1.666667,0,,,,,0.000000,1,0
36,1.714286,0,,,,,0.000000,1,0
37,1.761905,0,,,,,0.000000,1,0
38,1.809524,0,,,,,0.000000,1,0
39,1.857143,0,,,,,0.000000,1,0
40,1.904762,0,,,,,0.000000,1,0
41,1.952381,1,592.000,273.000,5.348725,3.061281,0.816185,0,0
42,2.000000,1,594.000,270.000,5.408203,2.858814,4.431455,0,0
43,2.047619,1,598.000,268.000,5.504979,2.722121,3.517148,0,0
44,2.095238,1,607.000,251.000,5.814310,1.501571,26.441906,0,0
45,2.142857,1,611.000,247.000,5.933420,1.198185,6.844515,0,0
46,2.190476,1,613.000,245.000,5.993940,1.044035,3.477701,0,0
47,2.238095,1,616.000,245.000,6.061594,1.044035,1.420729,0,0
48,2.285714,1,620.000,243.000,6.100000,0.888211,3.370237,0,0
49,2.333333,1,624.000,243.000,6.100000,0.888211,0.000000,0,0
50,2.380952,1,628.000,245.000,6.100000,1.044035,3.272308,0,0
51,2.428571,1,631.000,247.000,6.100000,1.198185,3.237155,0,0
52,2.476190,1,631.000,249.000,6.100000,1.350688,3.202565,0,0
53,2.523810,1,635.000,251.000,6.100000,1.501571,3.168527,0,0
54,2.571429,0,,,,,0.000000,1,0
55,2.619048,0,,,,,0.000000,1,0
56,2.666667,0,,,,,0.000000,1,0
57,2.714286,0,,,,,0.000000,1,0
58,2.761905,0,,,,,0.000000,1,0
59,2.809524,0,,,,,0.000000,1,0
60,2.857143,0,,,,,0.000000,1,0
61,2.904762,1,594.000,270.000,5.408203,2.858814,3.998879,0,0
62,2.952381,1,590.000,268.000,5.335118,2.722121,3.255101,0,0
63,3.000000,1,586.000,266.000,5.261286,2.584031,3.288371,0,0
64,3.047619,1,579.000,262.000,5.132895,2.303572,6.477441,0,0
65,3.095238,1,571.000,260.000,4.970170,2.161159,4.541094,0,0
66,3.142857,1,564.000,258.000,4.827534,2.017261,4.254872,0,0
67,3.190476,1,560.000,260.000,4.731763,2.161159,3.629965,0,0
68,3.238095,1,556.000,260.000,4.645069,2.161159,1.820569,0,0
69,3.285714,1,549.000,266.000,4.471663,2.584031,9.597941,0,0
70,3.333333,1,545.000,268.000,4.379649,2.722121,3.484706,0,0
71,3.380952,1,540.000,273.000,4.258487,3.061281,7.563192,0,0
72,3.428571,1,538.000,275.000,4.210869,3.194573,2.972381,0,0
73,3.476190,0,,,,,0.000000,1,0
74,3.523810,0,,,,,0.000000,1,0
75,3.571429,0,,,,,0.000000,1,0
76,3.619048,0,,,,,0.000000,1,0
77,3.666667,0,,,,,0.000000,1,0
78,3.714286,0,,,,,0.000000,1,0
79,3.761905,1,506.000,275.000,3.543304,3.194573,2.002694,0,0
80,3.809524,1,508.000,275.000,3.585027,3.194573,0.876179,0,0
81,3.857143,1,480.000,213.000,2.986689,0.000000,68.252591,0,0
82,3.904762,1,476.000,205.000,2.883338,0.000000,2.170368,0,0
83,3.952381,1,470.000,196.000,2.721933,0.000000,3.389514,0,0
84,4.000000,1,466.000,187.000,2.604704,0.000000,2.461815,0,0
85,4.047619,1,463.000,179.000,2.509925,0.000000,1.990358,0,0
86,4.095238,1,442.000,151.000,1.817653,0.000000,14.537697,0,0
87,4.142857,1,438.000,147.000,1.676472,0.000000,2.964814,0,0
88,4.190476,1,435.000,145.000,1.573421,0.000000,2.164054,0,0
89,4.238095,1,427.000,141.000,1.299965,0.000000,5.742588,0,0
90,4.285714,1,420.000,137.000,1.050004,0.000000,5.249170,0,0
91,4.333333,1,414.000,136.000,0.850503,0.000000,4.189524,0,0
92,4.380952,1,405.000,137.000,0.572483,0.000000,5.838432,0,0
93,4.428571,1,399.000,141.000,0.421978,0.000000,3.160609,0,0
94,4.476190,1,393.000,147.000,0.296507,0.000000,2.634888,0,0
95,4.523810,1,388.000,149.000,0.164576,0.000000,2.770552,0,0
96,4.571429,1,384.000,153.000,0.086430,0.000000,1.641050,0,0
97,4.619048,1,380.000,156.000,0.000000,0.000000,1.815039,0,0
98,4.666667,1,496.000,245.000,3.355443,1.044035,73.796414,0,0
99,4.714286,1,523.000,262.000,3.925450,2.303572,29.032768,0,0
100,4.761905,1,526.000,264.000,3.985451,2.444522,3.216980,0,0
101,4.809524,1,538.000,272.000,4.219418,2.994132,12.544078,0,0
102,4.857143,0,,,,,0.000000,1,0
103,4.904762,0,,,,,0.000000,1,0
104,4.952381,0,,,,,0.000000,1,0
105,5.000000,0,,,,,0.000000,1,0
106,5.047619,0,,,,,0.000000,1,0
107,5.095238,0,,,,,0.000000,1,0
108,5.142857,0,,,,,0.000000,1,0
109,5.190476,0,,,,,0.000000,1,0
110,5.238095,0,,,,,0.000000,1,0
111,5.285714,0,,,,,0.000000,1,0
112,5.333333,0,,,,,0.000000,1,0
113,5.380952,0,,,,,0.000000,1,0
114,5.428571,0,,,,,0.000000,1,0
115,5.476190,0,,,,,0.000000,1,0
116,5.523810,0,,,,,0.000000,1,0
117,5.571429,0,,,,,0.000000,1,0
118,5.619048,0,,,,,0.000000,1,0
119,5.666667,0,,,,,0.000000,1,0
120,5.714286,0,,,,,0.000000,1,0
121,5.761905,0,,,,,0.000000,1,0
122,5.809524,0,,,,,0.000000,1,0
123,5.857143,0,,,,,0.000000,1,0
124,5.904762,0,,,,,0.000000,1,0
125,5.952381,0,,,,,0.000000,1,0
126,6.000000,0,,,,,0.000000,1,0
127,6.047619,0,,,,,0.000000,1,0
128,6.095238,0,,,,,0.000000,1,0
129,6.142857,0,,,,,0.000000,1,0
130,6.190476,0,,,,,0.000000,1,0
131,6.238095,0,,,,,0.000000,1,0
132,6.285714,0,,,,,0.000000,1,0
133,6.333333,0,,,,,0.000000,1,0
134,6.380952,1,541.000,275.000,4.273453,3.194573,0.132107,0,0
135,6.428571,1,60.000,258.000,0.000000,2.017261,93.085838,0,0
136,6.476190,1,58.000,258.000,0.000000,2.017261,0.000000,0,0
137,6.523810,0,,,,,0.000000,1,0
138,6.571429,0,,,,,0.000000,1,0
139,6.619048,1,513.000,275.000,3.689334,3.194573,27.108398,0,0
140,6.666667,0,,,,,0.000000,1,0
141,6.714286,0,,,,,0.000000,1,0
142,6.761905,1,594.000,273.000,5.390658,3.061281,11.945759,0,0
143,6.809524,1,667.000,213.000,6.100000,0.000000,65.990161,0,0
144,6.857143,1,631.000,228.000,6.100000,0.000000,0.000000,0,0
145,6.904762,1,645.000,18.000,6.100000,0.000000,0.000000,0,0
146,6.952381,1,646.000,28.000,6.100000,0.000000,0.000000,0,0
147,7.000000,1,646.000,37.000,6.100000,0.000000,0.000000,0,0
148,7.047619,1,650.000,200.000,6.100000,0.000000,0.000000,0,0
149,7.095238,1,646.000,194.000,6.100000,0.000000,0.000000,0,0
150,7.142857,1,622.000,238.000,6.100000,0.491145,10.314055,0,0
151,7.190476,0,,,,,0.000000,1,0
152,7.238095,0,,,,,0.000000,1,0
153,7.285714,0,,,,,0.000000,1,0
154,7.333333,0,,,,,0.000000,1,0
155,7.380952,0,,,,,0.000000,1,0
156,7.428571,0,,,,,0.000000,1,0
157,7.476190,0,,,,,0.000000,1,0
158,7.523810,0,,,,,0.000000,1,0
159,7.571429,0,,,,,0.000000,1,0
160,7.619048,0,,,,,0.000000,1,0
161,7.666667,0,,,,,0.000000,1,0
162,7.714286,0,,,,,0.000000,1,0
163,7.761905,0,,,,,0.000000,1,0
164,7.809524,0,,,,,0.000000,1,0
165,7.857143,0,,,,,0.000000,1,0
166,7.904762,0,,,,,0.000000,1,0
167,7.952381,0,,,,,0.000000,1,0
168,8.000000,0,,,,,0.000000,1,0
169,8.047619,0,,,,,0.000000,1,0
170,8.095238,0,,,,,0.000000,1,0
171,8.142857,0,,,,,0.000000,1,0
172,8.190476,0,,,,,0.000000,1,0
173,8.238095,0,,,,,0.000000,1,0
174,8.285714,0,,,,,0.000000,1,0
175,8.333333,0,,,,,0.000000,1,0
176,8.380952,0,,,,,0.000000,1,0
177,8.428571,1,933.000,321.000,6.100000,5.930600,4.230687,0,0
178,8.476190,1,931.000,319.000,6.100000,5.823422,2.250747,0,0
179,8.523810,1,772.000,221.000,6.100000,0.000000,122.291857,0,0
180,8.571429,1,496.000,28.000,3.747326,0.000000,49.406152,0,0
181,8.619048,1,496.000,30.000,3.738716,0.000000,0.180820,0,0
182,8.666667,1,495.000,32.000,3.677246,0.000000,1.290864,0,0
183,8.714286,1,493.000,34.000,3.564907,0.000000,2.359112,0,0
184,8.761905,1,712.000,279.000,6.100000,3.457200,90.028373,0,0
185,8.809524,1,712.000,279.000,6.100000,3.457200,0.000000,0,0
186,8.857143,1,712.000,279.000,6.100000,3.457200,0.000000,0,0
187,8.904762,1,712.000,279.000,6.100000,3.457200,0.000000,0,0
188,8.952381,1,461.000,196.000,2.488024,0.000000,104.997075,0,0
189,9.000000,1,459.000,190.000,2.423820,0.000000,1.348275,0,0
190,9.047619,1,470.000,130.000,2.629770,0.000000,4.324955,0,0
191,9.095238,1,710.000,279.000,6.100000,3.457200,102.867269,0,0
192,9.142857,1,712.000,279.000,6.100000,3.457200,0.000000,0,0
193,9.190476,1,712.000,279.000,6.100000,3.457200,0.000000,0,0
194,9.238095,1,712.000,279.000,6.100000,3.457200,0.000000,0,0
195,9.285714,1,712.000,279.000,6.100000,3.457200,0.000000,0,0
196,9.333333,1,712.000,279.000,6.100000,3.457200,0.000000,0,0
197,9.380952,1,712.000,279.000,6.100000,3.457200,0.000000,0,0
198,9.428571,1,712.000,279.000,6.100000,3.457200,0.000000,0,0
199,9.476190,1,712.000,279.000,6.100000,3.457200,0.000000,0,0
200,9.523810,1,712.000,279.000,6.100000,3.457200,0.000000,0,0
201,9.571429,1,712.000,279.000,6.100000,3.457200,0.000000,0,0
202,9.619048,1,712.000,279.000,6.100000,3.457200,0.000000,0,0
203,9.666667,1,712.000,279.000,6.100000,3.457200,0.000000,0,0
204,9.714286,1,712.000,279.000,6.100000,3.457200,0.000000,0,0
205,9.761905,1,712.000,281.000,6.100000,3.586575,2.716874,0,0
206,9.809524,1,712.000,281.000,6.100000,3.586575,0.000000,0,0
207,9.857143,1,712.000,281.000,6.100000,3.586575,0.000000,0,0
208,9.904762,1,712.000,281.000,6.100000,3.586575,0.000000,0,0
209,9.952381,1,712.000,281.000,6.100000,3.586575,0.000000,0,0
210,10.000000,1,712.000,281.000,6.100000,3.586575,0.000000,0,0
211,10.047619,1,712.000,281.000,6.100000,3.586575,0.000000,0,0
212,10.095238,1,712.000,281.000,6.100000,3.586575,0.000000,0,0
213,10.142857,1,712.000,281.000,6.100000,3.586575,0.000000,0,0
214,10.190476,1,712.000,281.000,6.100000,3.586575,0.000000,0,0
215,10.238095,1,712.000,281.000,6.100000,3.586575,0.000000,0,0
216,10.285714,1,712.000,279.000,6.100000,3.457200,2.716874,0,0
217,10.333333,1,712.000,279.000,6.100000,3.457200,0.000000,0,0
218,10.380952,1,712.000,279.000,6.100000,3.457200,0.000000,0,0
219,10.428571,1,712.000,281.000,6.100000,3.586575,2.716874,0,0
220,10.476190,1,712.000,281.000,6.100000,3.586575,0.000000,0,0
221,10.523810,1,714.000,279.000,6.100000,3.457200,2.716874,0,0
222,10.571429,1,721.000,279.000,6.100000,3.457200,0.000000,0,0
223,10.619048,1,721.000,279.000,6.100000,3.457200,0.000000,0,0
224,10.666667,1,721.000,279.000,6.100000,3.457200,0.000000,0,0
225,10.714286,1,450.000,255.000,2.338077,1.798575,86.338100,0,0
226,10.761905,1,382.000,211.000,0.552720,0.000000,53.219046,0,0
227,10.809524,1,382.000,217.000,0.596986,0.000000,0.929600,0,0
228,10.857143,0,,,,,0.000000,1,0
229,10.904762,0,,,,,0.000000,1,0
230,10.952381,1,339.000,273.000,0.044294,3.061281,21.775411,0,0
231,11.000000,1,337.000,273.000,0.002361,3.061281,0.880578,0,0
232,11.047619,1,339.000,273.000,0.044294,3.061281,0.880578,0,0
233,11.095238,0,,,,,0.000000,1,0
234,11.142857,0,,,,,0.000000,1,0
235,11.190476,0,,,,,0.000000,1,0
236,11.238095,0,,,,,0.000000,1,0
237,11.285714,0,,,,,0.000000,1,0
238,11.333333,0,,,,,0.000000,1,0
239,11.380952,0,,,,,0.000000,1,0
240,11.428571,1,326.000,275.000,0.000000,3.194573,0.368704,0,0
241,11.476190,1,331.000,272.000,0.000000,2.994132,4.209257,0,0
242,11.523810,1,333.000,268.000,0.000000,2.722121,5.712219,0,0
243,11.571429,1,335.000,266.000,0.000000,2.584031,2.899898,0,0
244,11.619048,1,350.000,251.000,0.111034,1.501571,22.850940,0,0
245,11.666667,1,352.000,251.000,0.155418,1.501571,0.932053,0,0
246,11.714286,1,356.000,251.000,0.244185,1.501571,1.864106,0,0
247,11.761905,1,358.000,251.000,0.288568,1.501571,0.932053,0,0
248,11.809524,1,361.000,251.000,0.355143,1.501571,1.398079,0,0
249,11.857143,1,363.000,253.000,0.413688,1.650858,3.367482,0,0
250,11.904762,1,369.000,256.000,0.566056,1.871852,5.637030,0,0
251,11.952381,0,,,,,0.000000,1,0
252,12.000000,1,375.000,268.000,0.770100,2.722121,9.181293,0,0
253,12.047619,1,376.000,272.000,0.814357,2.994132,5.787333,0,0
254,12.095238,0,,,,,0.000000,1,0
255,12.142857,0,,,,,0.000000,1,0
256,12.190476,0,,,,,0.000000,1,0
257,12.238095,0,,,,,0.000000,1,0
258,12.285714,0,,,,,0.000000,1,0
259,12.333333,0,,,,,0.000000,1,0
260,12.380952,0,,,,,0.000000,1,0
261,12.428571,0,,,,,0.000000,1,0
262,12.476190,1,406.000,277.000,1.465224,3.326539,1.705287,0,0
263,12.523810,1,406.000,275.000,1.457165,3.194573,2.776462,0,0
264,12.571429,1,408.000,273.000,1.490957,3.061281,2.887679,0,0
265,12.619048,1,410.000,268.000,1.513242,2.722121,7.137709,0,0
266,12.666667,1,412.000,264.000,1.540063,2.444522,5.856734,0,0
267,12.714286,1,414.000,262.000,1.575243,2.303572,3.050746,0,0
268,12.761905,1,416.000,262.000,1.618366,2.303572,0.905584,0,0
269,12.809524,1,420.000,266.000,1.718655,2.584031,6.254862,0,0
270,12.857143,1,421.000,268.000,1.746801,2.722121,2.959525,0,0
271,12.904762,1,423.000,270.000,1.795789,2.858814,3.049327,0,0
272,12.952381,1,423.000,272.000,1.802245,2.994132,2.844894,0,0
273,13.000000,1,425.000,273.000,1.847381,3.061281,1.699089,0,0
274,13.047619,0,,,,,0.000000,1,0
275,13.095238,0,,,,,0.000000,1,0
276,13.142857,0,,,,,0.000000,1,0
277,13.190476,0,,,,,0.000000,1,0
278,13.238095,0,,,,,0.000000,1,0
279,13.285714,0,,,,,0.000000,1,0
280,13.333333,0,,,,,0.000000,1,0
281,13.380952,1,493.000,279.000,3.270191,3.457200,3.876780,0,0
282,13.428571,1,496.000,273.000,3.335977,3.061281,8.428303,0,0
283,13.476190,1,502.000,272.000,3.462738,2.994132,3.012416,0,0
284,13.523810,1,506.000,272.000,3.546814,2.994132,1.765587,0,0
285,13.571429,1,515.000,268.000,3.742670,2.722121,7.038894,0,0
286,13.619048,1,523.000,266.000,3.916793,2.584031,4.666913,0,0
287,13.666667,1,534.000,264.000,4.157058,2.444522,5.834443,0,0
288,13.714286,1,538.000,266.000,4.236910,2.584031,3.375663,0,0
289,13.761905,1,543.000,268.000,4.337184,2.722121,3.583789,0,0
290,13.809524,1,551.000,270.000,4.499818,2.858814,4.461450,0,0
291,13.857143,1,555.000,273.000,4.572979,3.061281,4.520859,0,0
292,13.904762,1,562.000,279.000,4.695388,3.457200,8.702627,0,0
293,13.952381,0,,,,,0.000000,1,0
294,14.000000,0,,,,,0.000000,1,0
295,14.047619,0,,,,,0.000000,1,0
296,14.095238,0,,,,,0.000000,1,0
297,14.142857,0,,,,,0.000000,1,0
298,14.190476,0,,,,,0.000000,1,0
299,14.238095,0,,,,,0.000000,1,0
300,14.285714,0,,,,,0.000000,1,0
301,14.333333,0,,,,,0.000000,1,0
302,14.380952,0,,,,,0.000000,1,0
303,14.428571,0,,,,,0.000000,1,0
304,14.476190,0,,,,,0.000000,1,0
305,14.523810,0,,,,,0.000000,1,0
306,14.571429,0,,,,,0.000000,1,0
307,14.619048,0,,,,,0.000000,1,0
308,14.666667,0,,,,,0.000000,1,0
309,14.714286,1,506.000,275.000,3.543304,3.194573,1.459671,0,0
310,14.761905,0,,,,,0.000000,1,0
311,14.809524,0,,,,,0.000000,1,0
312,14.857143,0,,,,,0.000000,1,0
313,14.904762,0,,,,,0.000000,1,0
314,14.952381,0,,,,,0.000000,1,0
315,15.000000,0,,,,,0.000000,1,0
316,15.047619,0,,,,,0.000000,1,0
317,15.095238,0,,,,,0.000000,1,0
318,15.142857,0,,,,,0.000000,1,0
319,15.190476,0,,,,,0.000000,1,0
320,15.238095,0,,,,,0.000000,1,0
321,15.285714,1,54.000,255.000,0.000000,1.798575,6.664678,0,0
322,15.333333,1,795.000,202.000,6.100000,0.000000,133.552193,0,0
323,15.380952,1,466.000,253.000,2.687354,1.650858,79.610452,0,0
324,15.428571,1,470.000,256.000,2.778034,1.871852,5.016386,0,0
325,15.476190,1,436.000,194.000,1.830509,0.000000,44.058160,0,0
326,15.523810,1,440.000,243.000,2.087219,0.888211,19.415845,0,0
327,15.571429,1,438.000,245.000,2.047470,1.044035,3.377097,0,0
328,15.619048,1,436.000,247.000,2.008147,1.198185,3.340818,0,0
329,15.666667,1,433.000,260.000,1.979236,2.161159,20.231565,0,0
330,15.714286,1,716.000,281.000,6.100000,3.586575,91.566999,0,0
331,15.761905,1,545.000,260.000,4.406661,2.161159,46.481723,0,0
332,15.809524,1,560.000,270.000,4.689945,2.858814,15.812493,0,0
333,15.857143,1,716.000,281.000,6.100000,3.586575,33.322512,0,0
334,15.904762,1,716.000,281.000,6.100000,3.586575,0.000000,0,0
335,15.952381,1,716.000,281.000,6.100000,3.586575,0.000000,0,0
336,16.000000,1,716.000,281.000,6.100000,3.586575,0.000000,0,0
337,16.047619,1,716.000,281.000,6.100000,3.586575,0.000000,0,0
338,16.095238,1,716.000,281.000,6.100000,3.586575,0.000000,0,0
339,16.142857,1,716.000,281.000,6.100000,3.586575,0.000000,0,0
340,16.190476,1,716.000,281.000,6.100000,3.586575,0.000000,0,0
341,16.238095,1,716.000,281.000,6.100000,3.586575,0.000000,0,0
342,16.285714,1,716.000,281.000,6.100000,3.586575,0.000000,0,0
343,16.333333,1,716.000,281.000,6.100000,3.586575,0.000000,0,0
344,16.380952,1,716.000,281.000,6.100000,3.586575,0.000000,0,0
345,16.428571,1,716.000,281.000,6.100000,3.586575,0.000000,0,0
346,16.476190,1,716.000,281.000,6.100000,3.586575,0.000000,0,0
347,16.523810,1,716.000,281.000,6.100000,3.586575,0.000000,0,0
348,16.571429,1,716.000,281.000,6.100000,3.586575,0.000000,0,0
349,16.619048,1,716.000,281.000,6.100000,3.586575,0.000000,0,0
350,16.666667,1,716.000,281.000,6.100000,3.586575,0.000000,0,0
351,16.714286,1,716.000,281.000,6.100000,3.586575,0.000000,0,0
352,16.761905,1,716.000,281.000,6.100000,3.586575,0.000000,0,0
353,16.809524,1,716.000,281.000,6.100000,3.586575,0.000000,0,0
354,16.857143,1,716.000,281.000,6.100000,3.586575,0.000000,0,0
355,16.904762,1,716.000,281.000,6.100000,3.586575,0.000000,0,0
356,16.952381,1,716.000,281.000,6.100000,3.586575,0.000000,0,0
357,17.000000,1,716.000,281.000,6.100000,3.586575,0.000000,0,0
358,17.047619,1,716.000,281.000,6.100000,3.586575,0.000000,0,0
359,17.095238,1,716.000,281.000,6.100000,3.586575,0.000000,0,0
360,17.142857,1,716.000,281.000,6.100000,3.586575,0.000000,0,0
361,17.190476,1,716.000,281.000,6.100000,3.586575,0.000000,0,0
362,17.238095,1,716.000,281.000,6.100000,3.586575,0.000000,0,0
363,17.285714,1,716.000,281.000,6.100000,3.586575,0.000000,0,0
364,17.333333,1,716.000,281.000,6.100000,3.586575,0.000000,0,0
365,17.380952,1,716.000,281.000,6.100000,3.586575,0.000000,0,0
366,17.428571,1,716.000,281.000,6.100000,3.586575,0.000000,0,0
367,17.476190,1,716.000,281.000,6.100000,3.586575,0.000000,0,0
368,17.523810,1,716.000,281.000,6.100000,3.586575,0.000000,0,0
369,17.571429,1,716.000,281.000,6.100000,3.586575,0.000000,0,0
370,17.619048,1,716.000,281.000,6.100000,3.586575,0.000000,0,0
371,17.666667,1,716.000,281.000,6.100000,3.586575,0.000000,0,0
372,17.714286,1,716.000,281.000,6.100000,3.586575,0.000000,0,0
373,17.761905,1,716.000,281.000,6.100000,3.586575,0.000000,0,0
374,17.809524,1,716.000,281.000,6.100000,3.586575,0.000000,0,0
375,17.857143,1,716.000,281.000,6.100000,3.586575,0.000000,0,0
376,17.904762,1,716.000,281.000,6.100000,3.586575,0.000000,0,0
377,17.952381,1,716.000,281.000,6.100000,3.586575,0.000000,0,0
378,18.000000,1,716.000,281.000,6.100000,3.586575,0.000000,0,0
379,18.047619,1,716.000,281.000,6.100000,3.586575,0.000000,0,0
380,18.095238,1,716.000,281.000,6.100000,3.586575,0.000000,0,0
381,18.142857,1,716.000,281.000,6.100000,3.586575,0.000000,0,0
382,18.190476,1,716.000,281.000,6.100000,3.586575,0.000000,0,0
383,18.238095,1,716.000,281.000,6.100000,3.586575,0.000000,0,0
384,18.285714,1,716.000,281.000,6.100000,3.586575,0.000000,0,0
385,18.333333,1,556.000,213.000,4.862679,0.000000,79.674137,0,0
386,18.380952,1,556.000,213.000,4.862679,0.000000,0.000000,0,0
387,18.428571,1,716.000,281.000,6.100000,3.586575,79.674137,0,0
388,18.476190,1,521.000,162.000,4.162062,0.000000,85.609777,0,0
389,18.523810,1,519.000,158.000,4.118408,0.000000,0.916743,0,0
390,18.571429,1,515.000,153.000,4.017068,0.000000,2.128134,0,0
391,18.619048,1,493.000,132.000,3.379683,0.000000,13.385082,0,0
392,18.666667,1,491.000,130.000,3.316627,0.000000,1.324176,0,0
393,18.714286,1,487.000,128.000,3.186644,0.000000,2.729641,0,0
394,18.761905,1,483.000,126.000,3.054593,0.000000,2.773081,0,0
395,18.809524,1,480.000,124.000,2.953918,0.000000,2.114181,0,0
396,18.857143,1,474.000,124.000,2.752951,0.000000,4.220307,0,0
397,18.904762,1,468.000,124.000,2.551984,0.000000,4.220307,0,0
398,18.952381,1,465.000,126.000,2.456489,0.000000,2.005383,0,0
399,19.000000,1,463.000,130.000,2.400818,0.000000,1.169096,0,0
400,19.047619,1,459.000,134.000,2.282458,0.000000,2.485561,0,0
401,19.095238,1,455.000,137.000,2.164222,0.000000,2.482961,0,0
402,19.142857,1,453.000,145.000,2.129491,0.000000,0.729346,0,0
403,19.190476,1,451.000,149.000,2.082443,0.000000,0.988011,0,0
404,19.238095,1,466.000,264.000,2.698405,2.444522,52.939564,0,0
405,19.285714,1,474.000,256.000,2.865637,1.871852,12.528343,0,0
406,19.333333,1,478.000,253.000,2.952247,1.650858,4.984565,0,0
407,19.380952,1,480.000,253.000,2.996396,1.650858,0.927126,0,0
408,19.428571,1,480.000,251.000,2.995960,1.501571,3.135042,0,0
409,19.476190,1,442.000,198.000,2.000922,0.000000,37.828074,0,0
410,19.523810,1,444.000,245.000,2.182777,1.044035,22.254854,0,0
411,19.571429,1,442.000,241.000,2.127402,0.730685,6.682306,0,0
412,19.619048,1,440.000,241.000,2.081807,0.730685,0.957494,0,0
413,19.666667,1,391.000,270.000,1.119781,2.858814,49.044903,0,0
414,19.714286,1,391.000,270.000,1.119781,2.858814,0.000000,0,0
415,19.761905,1,716.000,281.000,6.100000,3.586575,105.695346,0,0
416,19.809524,1,716.000,281.000,6.100000,3.586575,0.000000,0,0
417,19.857143,1,716.000,281.000,6.100000,3.586575,0.000000,0,0
418,19.904762,1,716.000,281.000,6.100000,3.586575,0.000000,0,0
419,19.952381,1,716.000,281.000,6.100000,3.586575,0.000000,0,0
420,20.000000,1,716.000,281.000,6.100000,3.586575,0.000000,0,0
421,20.047619,1,716.000,281.000,6.100000,3.586575,0.000000,0,0
422,20.095238,1,716.000,281.000,6.100000,3.586575,0.000000,0,0
423,20.142857,1,339.000,273.000,0.044294,3.061281,127.647380,0,0
424,20.190476,1,341.000,272.000,0.078695,2.994132,1.584418,0,0
425,20.238095,1,343.000,268.000,0.090655,2.722121,5.717738,0,0
426,20.285714,1,345.000,266.000,0.118068,2.584031,2.956485,0,0
427,20.333333,1,346.000,264.000,0.124312,2.444522,2.932623,0,0
428,20.380952,1,352.000,258.000,0.208794,2.017261,9.146201,0,0
429,20.428571,1,354.000,258.000,0.252367,2.017261,0.915033,0,0
430,20.476190,1,356.000,260.000,0.310381,2.161159,3.258221,0,0
431,20.523810,1,358.000,262.000,0.367797,2.303572,3.224575,0,0
432,20.571429,1,361.000,266.000,0.459527,2.584031,6.196653,0,0
433,20.619048,1,363.000,268.000,0.515308,2.722121,3.127558,0,0
434,20.666667,1,365.000,273.000,0.589413,3.061281,7.290379,0,0
435,20.714286,1,365.000,275.000,0.601848,3.194573,2.811281,0,0
436,20.761905,1,716.000,281.000,6.100000,3.586575,115.754288,0,0
437,20.809524,1,716.000,281.000,6.100000,3.586575,0.000000,0,0
438,20.857143,1,716.000,281.000,6.100000,3.586575,0.000000,0,0
439,20.904762,1,716.000,281.000,6.100000,3.586575,0.000000,0,0
440,20.952381,1,716.000,281.000,6.100000,3.586575,0.000000,0,0
441,21.000000,1,716.000,281.000,6.100000,3.586575,0.000000,0,0
442,21.047619,1,716.000,281.000,6.100000,3.586575,0.000000,0,0
443,21.095238,1,716.000,281.000,6.100000,3.586575,0.000000,0,0
444,21.142857,1,716.000,281.000,6.100000,3.586575,0.000000,0,0
445,21.190476,1,716.000,281.000,6.100000,3.586575,0.000000,0,0
446,21.238095,1,716.000,281.000,6.100000,3.586575,0.000000,0,0
447,21.285714,1,716.000,281.000,6.100000,3.586575,0.000000,0,0
448,21.333333,1,371.000,273.000,0.715210,3.061281,113.617372,0,0
449,21.380952,1,371.000,272.000,0.709262,2.994132,1.415651,0,0
450,21.428571,1,371.000,272.000,0.709262,2.994132,0.000000,0,0
451,21.476190,1,369.000,270.000,0.655026,2.858814,3.061414,0,0
452,21.523810,1,712.000,281.000,6.100000,3.586575,115.361268,0,0
453,21.571429,1,710.000,281.000,6.100000,3.586575,0.000000,0,0
454,21.619048,1,813.000,232.000,6.100000,0.000000,75.318081,0,0
455,21.666667,0,,,,,0.000000,1,0
456,21.714286,0,,,,,0.000000,1,0
457,21.761905,0,,,,,0.000000,1,0
458,21.809524,0,,,,,0.000000,1,0
459,21.857143,1,435.000,209.000,1.861518,0.000000,17.801623,0,0
460,21.904762,1,391.000,247.000,0.998791,1.198185,31.005743,0,0
461,21.952381,1,391.000,243.000,0.976207,0.888211,6.526717,0,0
462,22.000000,1,386.000,100.000,0.000000,0.000000,27.716018,0,0
463,22.047619,1,373.000,126.000,0.000000,0.000000,0.000000,0,0
464,22.095238,1,373.000,128.000,0.000000,0.000000,0.000000,0,0
465,22.142857,1,371.000,132.000,0.000000,0.000000,0.000000,0,0
466,22.190476,1,369.000,137.000,0.000000,0.000000,0.000000,0,0
467,22.238095,0,,,,,0.000000,1,0
468,22.285714,0,,,,,0.000000,1,0
469,22.333333,0,,,,,0.000000,1,0
470,22.380952,0,,,,,0.000000,1,0
471,22.428571,0,,,,,0.000000,1,0
472,22.476190,0,,,,,0.000000,1,0
473,22.523810,0,,,,,0.000000,1,0
474,22.571429,0,,,,,0.000000,1,0
475,22.619048,0,,,,,0.000000,1,0
476,22.666667,0,,,,,0.000000,1,0
477,22.714286,1,363.000,273.000,0.547481,3.061281,5.936989,0,0
478,22.761905,1,363.000,272.000,0.541111,2.994132,1.416460,0,0
479,22.809524,1,361.000,270.000,0.486024,2.858814,3.068105,0,0
480,22.857143,1,354.000,258.000,0.252367,2.017261,18.341178,0,0
481,22.904762,1,348.000,251.000,0.066651,1.501571,11.510343,0,0
482,22.952381,1,346.000,247.000,0.000000,1.198185,6.523028,0,0
483,23.000000,1,343.000,245.000,0.000000,1.044035,3.237155,0,0
484,23.047619,1,339.000,245.000,0.000000,1.044035,0.000000,0,0
485,23.095238,1,335.000,247.000,0.000000,1.198185,3.237155,0,0
486,23.142857,1,331.000,251.000,0.000000,1.501571,6.371093,0,0
487,23.190476,1,328.000,255.000,0.000000,1.798575,6.237088,0,0
488,23.238095,1,324.000,258.000,0.000000,2.017261,4.592399,0,0
489,23.285714,1,320.000,264.000,0.000000,2.444522,8.972487,0,0
490,23.333333,1,318.000,268.000,0.000000,2.722121,5.829589,0,0
491,23.380952,1,315.000,275.000,0.000000,3.194573,9.921477,0,0
492,23.428571,1,315.000,275.000,0.000000,3.194573,0.000000,0,0
493,23.476190,1,316.000,275.000,0.000000,3.194573,0.000000,0,0
494,23.523810,1,318.000,275.000,0.000000,3.194573,0.000000,0,0
495,23.571429,1,320.000,270.000,0.000000,2.858814,7.050918,0,0
496,23.619048,1,322.000,268.000,0.000000,2.722121,2.870558,0,0
497,23.666667,1,324.000,266.000,0.000000,2.584031,2.899898,0,0
498,23.714286,1,328.000,264.000,0.000000,2.444522,2.929690,0,0
499,23.761905,1,331.000,264.000,0.000000,2.444522,0.000000,0,0
500,23.809524,1,333.000,268.000,0.000000,2.722121,5.829589,0,0
501,23.857143,1,337.000,268.000,0.000000,2.722121,0.000000,0,0
502,23.904762,1,339.000,272.000,0.036658,2.994132,5.763858,0,0
503,23.952381,1,343.000,273.000,0.128158,3.061281,2.383418,0,0
504,24.000000,1,343.000,277.000,0.157489,3.326539,5.604378,0,0
505,24.047619,0,,,,,0.000000,1,0
506,24.095238,0,,,,,0.000000,1,0
507,24.142857,0,,,,,0.000000,1,0
508,24.190476,0,,,,,0.000000,1,0
509,24.238095,0,,,,,0.000000,1,0
510,24.285714,0,,,,,0.000000,1,0
511,24.333333,0,,,,,0.000000,1,0
512,24.380952,0,,,,,0.000000,1,0
513,24.428571,0,,,,,0.000000,1,0
514,24.476190,0,,,,,0.000000,1,0
515,24.523810,0,,,,,0.000000,1,0
516,24.571429,1,354.000,275.000,0.372372,3.194573,0.441298,0,0
517,24.619048,1,354.000,273.000,0.358786,3.061281,2.813631,0,0
518,24.666667,1,354.000,272.000,0.351941,2.994132,1.417437,0,0
519,24.714286,1,352.000,272.000,0.309903,2.994132,0.882794,0,0
520,24.761905,1,352.000,270.000,0.295897,2.858814,2.856842,0,0
521,24.809524,1,350.000,270.000,0.253647,2.858814,0.887260,0,0
522,24.857143,1,350.000,270.000,0.253647,2.858814,0.000000,0,0
523,24.904762,1,348.000,272.000,0.225828,2.994132,2.901092,0,0
524,24.952381,1,348.000,272.000,0.225828,2.994132,0.000000,0,0
525,25.000000,1,348.000,273.000,0.232989,3.061281,1.418127,0,0
526,25.047619,1,348.000,275.000,0.247204,3.194573,2.815000,0,0
527,25.095238,1,348.000,277.000,0.261278,3.326539,2.787014,0,0
528,25.142857,0,,,,,0.000000,1,0
529,25.190476,0,,,,,0.000000,1,0
530,25.238095,0,,,,,0.000000,1,0
531,25.285714,1,433.000,277.000,2.025682,3.326539,9.263122,0,0
532,25.333333,0,,,,,0.000000,1,0
533,25.380952,1,341.000,275.000,0.101174,3.194573,20.254785,0,0
534,25.428571,1,341.000,273.000,0.086226,3.061281,2.816674,0,0
535,25.476190,1,341.000,272.000,0.078695,2.994132,1.418970,0,0
536,25.523810,1,341.000,272.000,0.078695,2.994132,0.000000,0,0
537,25.571429,1,341.000,272.000,0.078695,2.994132,0.000000,0,0
538,25.619048,1,341.000,272.000,0.078695,2.994132,0.000000,0,0
539,25.666667,1,341.000,272.000,0.078695,2.994132,0.000000,0,0
540,25.714286,1,341.000,272.000,0.078695,2.994132,0.000000,0,0
541,25.761905,1,341.000,273.000,0.086226,3.061281,1.418970,0,0
542,25.809524,1,341.000,275.000,0.101174,3.194573,2.816674,0,0
543,25.857143,1,341.000,275.000,0.101174,3.194573,0.000000,0,0
544,25.904762,0,,,,,0.000000,1,0
545,25.952381,0,,,,,0.000000,1,0
546,26.000000,0,,,,,0.000000,1,0
547,26.047619,0,,,,,0.000000,1,0
548,26.095238,0,,,,,0.000000,1,0
549,26.142857,0,,,,,0.000000,1,0
550,26.190476,0,,,,,0.000000,1,0
551,26.238095,0,,,,,0.000000,1,0
552,26.285714,0,,,,,0.000000,1,0
553,26.333333,0,,,,,0.000000,1,0
554,26.380952,1,343.000,277.000,0.157489,3.326539,0.273917,0,0
555,26.428571,1,343.000,275.000,0.142897,3.194573,2.788190,0,0
556,26.476190,1,343.000,275.000,0.142897,3.194573,0.000000,0,0
557,26.523810,1,345.000,273.000,0.170090,3.061281,2.856786,0,0
558,26.571429,1,346.000,275.000,0.205481,3.194573,2.896112,0,0
559,26.619048,1,346.000,275.000,0.205481,3.194573,0.000000,0,0
560,26.666667,1,346.000,277.000,0.219762,3.326539,2.787480,0,0
561,26.714286,1,348.000,279.000,0.275212,3.457200,2.980746,0,0
562,26.761905,0,,,,,0.000000,1,0
563,26.809524,0,,,,,0.000000,1,0
564,26.857143,0,,,,,0.000000,1,0
565,26.904762,0,,,,,0.000000,1,0
566,26.952381,0,,,,,0.000000,1,0
567,27.000000,0,,,,,0.000000,1,0
568,27.047619,0,,,,,0.000000,1,0
569,27.095238,0,,,,,0.000000,1,0
570,27.142857,0,,,,,0.000000,1,0
571,27.190476,0,,,,,0.000000,1,0
572,27.238095,0,,,,,0.000000,1,0
573,27.285714,0,,,,,0.000000,1,0
574,27.333333,0,,,,,0.000000,1,0
575,27.380952,0,,,,,0.000000,1,0
576,27.428571,0,,,,,0.000000,1,0
577,27.476190,0,,,,,0.000000,1,0
578,27.523810,0,,,,,0.000000,1,0
579,27.571429,0,,,,,0.000000,1,0
580,27.619048,0,,,,,0.000000,1,0
581,27.666667,0,,,,,0.000000,1,0
582,27.714286,0,,,,,0.000000,1,0
583,27.761905,0,,,,,0.000000,1,0
584,27.809524,0,,,,,0.000000,1,0
585,27.857143,0,,,,,0.000000,1,0
586,27.904762,0,,,,,0.000000,1,0
587,27.952381,0,,,,,0.000000,1,0
588,28.000000,0,,,,,0.000000,1,0
589,28.047619,0,,,,,0.000000,1,0
590,28.095238,0,,,,,0.000000,1,0
591,28.142857,0,,,,,0.000000,1,0
592,28.190476,0,,,,,0.000000,1,0
593,28.238095,0,,,,,0.000000,1,0
594,28.285714,0,,,,,0.000000,1,0
595,28.333333,0,,,,,0.000000,1,0
596,28.380952,0,,,,,0.000000,1,0
597,28.428571,0,,,,,0.000000,1,0
598,28.476190,0,,,,,0.000000,1,0
599,28.523810,1,210.000,222.000,0.000000,0.000000,1.916602,0,0
600,28.571429,1,56.000,249.000,0.000000,1.350688,28.364457,0,0
601,28.619048,1,56.000,245.000,0.000000,1.044035,6.439720,0,0
602,28.666667,1,530.000,198.000,4.273888,0.000000,92.390751,0,0
603,28.714286,1,532.000,198.000,4.325546,0.000000,1.084824,0,0
604,28.761905,1,532.000,198.000,4.325546,0.000000,0.000000,0,0
605,28.809524,1,165.000,200.000,0.000000,0.000000,90.836464,0,0
606,28.857143,1,905.000,88.000,6.100000,0.000000,128.100000,0,0
607,28.904762,1,894.000,192.000,6.100000,0.000000,0.000000,0,0
608,28.952381,1,406.000,154.000,0.754885,0.000000,112.247408,0,0
609,29.000000,1,573.000,145.000,5.836621,0.000000,106.716446,0,0
610,29.047619,1,905.000,86.000,6.100000,0.000000,5.530962,0,0
611,29.095238,1,856.000,145.000,6.100000,0.000000,0.000000,0,0
612,29.142857,1,688.000,143.000,6.100000,0.000000,0.000000,0,0
613,29.190476,1,22.000,226.000,0.000000,0.000000,128.100000,0,0
614,29.238095,1,22.000,215.000,0.000000,0.000000,0.000000,0,0
615,29.285714,0,,,,,0.000000,1,0
616,29.333333,0,,,,,0.000000,1,0
617,29.380952,1,939.000,219.000,6.100000,0.000000,42.700000,0,0
618,29.428571,1,935.000,217.000,6.100000,0.000000,0.000000,0,0
619,29.476190,0,,,,,0.000000,1,0
620,29.523810,0,,,,,0.000000,1,0
621,29.571429,0,,,,,0.000000,1,0
622,29.619048,1,920.000,332.000,6.100000,6.503326,34.142460,0,0
623,29.666667,1,920.000,332.000,6.100000,6.503326,0.000000,0,0
624,29.714286,1,920.000,332.000,6.100000,6.503326,0.000000,0,0
625,29.761905,1,920.000,332.000,6.100000,6.503326,0.000000,0,0
626,29.809524,1,920.000,332.000,6.100000,6.503326,0.000000,0,0
627,29.857143,1,920.000,332.000,6.100000,6.503326,0.000000,0,0
628,29.904762,1,915.000,253.000,6.100000,1.650858,101.901828,0,0
629,29.952381,1,309.000,230.000,0.000000,0.000000,132.708256,0,0
