frame,time_s,role,speed_mps,cumulative_distance_m,rally_distance_m,max_speed_so_far_mps
0,0.000000,near,0.000000,0.000000,0.000000,0.000000
0,0.000000,far,0.000000,0.000000,0.000000,0.000000
1,0.033367,near,0.136520,0.009110,0.009110,0.273039
1,0.033367,far,0.000000,0.000000,0.000000,0.000000
2,0.066733,near,0.452679,0.045313,0.045313,1.084996
2,0.066733,far,0.120328,0.012045,0.012045,0.360984
3,0.100100,near,0.339509,0.045313,0.045313,1.084996
3,0.100100,far,0.090246,0.012045,0.012045,0.360984
4,0.133467,near,0.271607,0.045313,0.045313,1.084996
4,0.133467,far,0.434701,0.072523,0.072523,1.812521
5,0.166834,near,0.271915,0.054437,0.054437,1.084996
5,0.166834,far,0.362251,0.072523,0.072523,1.812521
6,0.200200,near,0.271915,0.054437,0.054437,1.084996
6,0.200200,far,0.362251,0.072523,0.072523,1.812521
7,0.233567,near,0.226408,0.054437,0.054437,1.084996
7,0.233567,far,0.664338,0.133001,0.133001,1.812521
8,0.266934,near,0.045576,0.054437,0.054437,1.084996
8,0.266934,far,0.604174,0.133001,0.133001,1.812521
9,0.300300,near,0.045576,0.054437,0.054437,1.084996
9,0.300300,far,0.906260,0.193478,0.193478,1.812521
10,0.333667,near,0.240771,0.093516,0.093516,1.171171
10,0.333667,far,0.906260,0.253956,0.253956,1.812521
11,0.367034,near,0.195195,0.093516,0.093516,1.171171
11,0.367034,far,0.906260,0.253956,0.253956,1.812521
12,0.400400,near,0.374664,0.129445,0.129445,1.171171
12,0.400400,far,0.906260,0.253956,0.253956,1.812521
13,0.433767,near,0.374664,0.129445,0.129445,1.171171
13,0.433767,far,1.824834,0.498333,0.498333,7.323964
14,0.467134,near,0.899955,0.234609,0.234609,3.151752
14,0.467134,far,1.824834,0.498333,0.498333,7.323964
15,0.500501,near,1.080483,0.270750,0.270750,3.151752
15,0.500501,far,2.743709,0.742769,0.742769,7.325768
16,0.533867,near,0.885288,0.270750,0.270750,3.151752
16,0.533867,far,2.441622,0.742769,0.742769,7.325768
17,0.567234,near,1.065259,0.306781,0.306781,3.151752
17,0.567234,far,3.662583,0.987206,0.987206,7.325768
18,0.600601,near,1.236517,0.376996,0.376996,3.151752
18,0.600601,far,3.662583,0.987206,0.987206,7.325768
19,0.633967,near,1.236517,0.376996,0.376996,3.151752
19,0.633967,far,2.441923,0.987206,0.987206,7.325768
20,0.667334,near,0.711225,0.376996,0.376996,3.151752
20,0.667334,far,3.662884,1.231643,1.231643,7.325768
21,0.700701,near,0.706876,0.412267,0.412267,3.151752
21,0.700701,far,3.662884,1.476080,1.476080,7.325768
22,0.734067,near,0.890457,0.449020,0.449020,3.151752
22,0.734067,far,3.662884,1.476080,1.476080,7.325768
23,0.767434,near,0.710486,0.449020,0.449020,3.151752
23,0.767434,far,2.441923,1.476080,1.476080,7.325768
24,0.800801,near,0.359759,0.449020,0.449020,3.151752
24,0.800801,far,2.748949,1.537546,1.537546,7.325768
25,0.834168,near,0.359759,0.449020,0.449020,3.151752
25,0.834168,far,2.748949,1.537546,1.537546,7.325768
26,0.867534,near,0.405685,0.458214,0.458214,3.151752
26,0.867534,far,2.744018,1.780996,1.780996,7.325768
27,0.900901,near,0.229507,0.458214,0.458214,3.151752
27,0.900901,far,2.739086,2.024445,2.024445,7.325768
28,0.934268,near,0.222647,0.493594,0.493594,3.151752
28,0.934268,far,2.739086,2.024445,2.024445,7.325768
29,0.967634,near,0.222647,0.493594,0.493594,3.151752
29,0.967634,far,2.739086,2.024445,2.024445,7.325768
30,1.001001,near,0.222647,0.493594,0.493594,3.151752
30,1.001001,far,2.432060,2.024445,2.024445,7.325768
31,1.034368,near,0.222647,0.493594,0.493594,3.151752
31,1.034368,far,2.432060,2.024445,2.024445,7.325768
32,1.067734,near,0.352899,0.528865,0.528865,3.151752
32,1.067734,far,1.216030,2.024445,2.024445,7.325768
33,1.101101,near,0.352899,0.528865,0.528865,3.151752
33,1.101101,far,0.000000,2.024445,2.024445,7.325768
34,1.134468,near,0.176178,0.528865,0.528865,3.151752
34,1.134468,far,0.000000,2.024445,2.024445,7.325768
35,1.167835,near,0.176178,0.528865,0.528865,3.151752
35,1.167835,far,0.000000,2.024445,2.024445,7.325768
36,1.201201,near,0.176178,0.528865,0.528865,3.151752
36,1.201201,far,0.000000,2.024445,2.024445,7.325768
37,1.234568,near,0.176178,0.528865,0.528865,3.151752
37,1.234568,far,0.000000,2.024445,2.024445,7.325768
38,1.267935,near,0.000000,0.528865,0.528865,3.151752
38,1.267935,far,0.000000,2.024445,2.024445,7.325768
39,1.301301,near,0.000000,0.528865,0.528865,3.151752
39,1.301301,far,0.000000,2.024445,2.024445,7.325768
40,1.334668,near,0.000000,0.528865,0.528865,3.151752
40,1.334668,far,0.000000,2.024445,2.024445,7.325768
41,1.368035,near,0.176178,0.564136,0.564136,3.151752
41,1.368035,far,0.000000,2.024445,2.024445,7.325768
42,1.401401,near,0.176178,0.564136,0.564136,3.151752
42,1.401401,far,0.000000,2.024445,2.024445,7.325768
43,1.434768,near,0.176178,0.564136,0.564136,3.151752
43,1.434768,far,0.307026,2.085912,2.085912,7.325768
44,1.468135,near,0.352356,0.599407,0.599407,3.151752
44,1.468135,far,0.307026,2.085912,2.085912,7.325768
45,1.501502,near,0.352356,0.599407,0.599407,3.151752
45,1.501502,far,0.307026,2.085912,2.085912,7.325768
46,1.534868,near,0.352356,0.599407,0.599407,3.151752
46,1.534868,far,0.307026,2.085912,2.085912,7.325768
47,1.568235,near,0.176178,0.599407,0.599407,3.151752
47,1.568235,far,0.614053,2.147379,2.147379,7.325768
48,1.601602,near,0.176178,0.599407,0.599407,3.151752
48,1.601602,far,0.921079,2.208845,2.208845,7.325768
49,1.634968,near,0.176178,0.599407,0.599407,3.151752
49,1.634968,far,0.614053,2.208845,2.208845,7.325768
50,1.668335,near,0.000000,0.599407,0.599407,3.151752
50,1.668335,far,0.614053,2.208845,2.208845,7.325768
51,1.701702,near,0.176178,0.634677,0.634677,3.151752
51,1.701702,far,0.614053,2.208845,2.208845,7.325768
52,1.735068,near,0.176178,0.634677,0.634677,3.151752
52,1.735068,far,0.614053,2.208845,2.208845,7.325768
53,1.768435,near,0.176178,0.634677,0.634677,3.151752
53,1.768435,far,0.621141,2.271731,2.271731,7.325768
54,1.801802,near,0.176178,0.634677,0.634677,3.151752
54,1.801802,far,0.621134,2.333196,2.333196,7.325768
55,1.835169,near,0.176178,0.634677,0.634677,3.151752
55,1.835169,far,0.621134,2.333196,2.333196,7.325768
56,1.868535,near,0.176178,0.634677,0.634677,3.151752
56,1.868535,far,0.681788,2.345339,2.345339,7.325768
57,1.901902,near,0.000000,0.634677,0.634677,3.151752
57,1.901902,far,0.681788,2.345339,2.345339,7.325768
58,1.935269,near,0.000000,0.634677,0.634677,3.151752
58,1.935269,far,0.988815,2.406806,2.406806,7.325768
59,1.968635,near,0.000000,0.634677,0.634677,3.151752
59,1.968635,far,0.981726,2.468273,2.468273,7.325768
60,2.002002,near,0.000000,0.634677,0.634677,3.151752
60,2.002002,far,0.981733,2.529740,2.529740,7.325768
61,2.035369,near,0.000000,0.634677,0.634677,3.151752
61,2.035369,far,2.498326,2.833362,2.833362,9.099555
62,2.068735,near,0.176721,0.670057,0.670057,3.151752
62,2.068735,far,2.744378,2.894764,2.894764,9.099555
63,2.102102,near,0.176721,0.670057,0.670057,3.151752
63,2.102102,far,3.042832,2.954515,2.954515,9.099555
64,2.135469,near,0.176721,0.670057,0.670057,3.151752
64,2.135469,far,3.034259,3.014266,3.014266,9.099555
65,2.168836,near,0.176721,0.670057,0.670057,3.151752
65,2.168836,far,3.331890,3.135318,3.135318,9.099555
66,2.202202,near,0.176721,0.670057,0.670057,3.151752
66,2.202202,far,3.024864,3.135318,3.135318,9.099555
67,2.235569,near,0.708246,0.776468,0.776468,3.189146
67,2.235569,far,1.568316,3.147339,3.147339,9.099555
68,2.268936,near,0.712052,0.812610,0.812610,3.189146
68,2.268936,far,1.563704,3.207818,3.207818,9.099555
69,2.302302,near,0.712052,0.812610,0.812610,3.189146
69,2.302302,far,1.265250,3.207818,3.207818,9.099555
70,2.335669,near,1.068907,0.884053,0.884053,3.189146
70,2.335669,far,1.026962,3.219863,3.219863,9.099555
71,2.369036,near,1.781286,1.026671,1.026671,4.274269
71,2.369036,far,0.422305,3.219863,3.219863,9.099555
72,2.402402,near,1.781286,1.026671,1.026671,4.274269
72,2.402402,far,0.422305,3.219863,3.219863,9.099555
73,2.435769,near,1.249761,1.026671,1.026671,4.274269
73,2.435769,far,0.422424,3.231908,3.231908,9.099555
74,2.469136,near,1.116102,1.036054,1.036054,4.274269
74,2.469136,far,1.344609,3.477009,3.477009,9.099555
75,2.502503,near,1.300717,1.073014,1.073014,4.274269
75,2.502503,far,1.651614,3.538472,3.538472,9.099555
76,2.535869,near,0.990802,1.082411,1.082411,4.274269
76,2.535869,far,2.216351,3.663577,3.663577,9.099555
77,2.569236,near,0.463620,1.119488,1.119488,4.274269
77,2.569236,far,2.549620,3.730298,3.730298,9.099555
78,2.602603,near,0.649406,1.156682,1.156682,4.274269
78,2.602603,far,2.878987,3.796237,3.796237,9.099555
79,2.635969,near,0.835778,1.193994,1.193994,4.274269
79,2.635969,far,3.151879,3.862915,3.862915,9.099555
80,2.669336,near,0.788910,1.193994,1.193994,4.274269
80,2.669336,far,1.927598,3.862915,3.862915,9.099555
81,2.702703,near,0.791258,1.231424,1.231424,4.274269
81,2.702703,far,1.681225,3.875053,3.875053,9.099555
82,2.736069,near,0.936773,1.269954,1.269954,4.274269
82,2.736069,far,1.682524,4.000419,4.000419,9.099555
83,2.769436,near,0.939737,1.307623,1.307623,4.274269
83,2.769436,far,1.409635,4.012507,4.012507,9.099555
84,2.802803,near,0.801341,1.317111,1.317111,4.274269
84,2.802803,far,1.407457,4.078010,4.078010,9.099555
85,2.836170,near,1.186053,1.431442,1.431442,4.274269
85,2.836170,far,2.330234,4.329428,4.329428,9.099555
86,2.869536,near,2.316823,1.657822,1.657822,6.784621
86,2.869536,far,2.452203,4.353846,4.353846,9.099555
87,2.902903,near,2.321697,1.696228,1.696228,6.784621
87,2.902903,far,3.353378,4.546400,4.546400,9.099555
88,2.936270,near,2.506935,1.771843,1.771843,6.784621
88,2.936270,far,3.083653,4.617767,4.617767,9.099555
89,2.969636,near,2.318776,1.771843,1.771843,6.784621
89,2.969636,far,3.083993,4.629923,4.629923,9.099555
90,3.003003,near,2.472427,1.812091,1.812091,6.784621
90,3.003003,far,2.817523,4.642079,4.642079,9.099555
91,3.036370,near,2.102383,1.852340,1.852340,6.784621
91,3.036370,far,1.561691,4.642079,4.642079,9.099555
92,3.069736,near,1.165919,1.891240,1.891240,6.784621
92,3.069736,far,1.500441,4.654235,4.654235,9.099555
93,3.103103,near,1.168388,1.930139,1.930139,6.784621
93,3.103103,far,0.847968,4.716164,4.716164,9.099555
94,3.136470,near,1.204686,2.013021,2.013021,6.784621
94,3.136470,far,1.436069,4.905268,4.905268,9.099555
95,3.169837,near,1.446315,2.061395,2.061395,6.784621
95,3.169837,far,2.005575,5.031439,5.031439,9.099555
96,3.203203,near,1.648679,2.142157,2.142157,6.784621
96,3.203203,far,2.268398,5.096213,5.096213,9.099555
97,3.236570,near,1.761869,2.205066,2.205066,6.784621
97,3.236570,far,2.607412,5.164084,5.164084,9.099555
98,3.269937,near,1.844788,2.260566,2.260566,6.784621
98,3.269937,far,3.226104,5.300102,5.300102,9.099555
99,3.303303,near,2.852688,2.501248,2.501248,7.213232
99,3.303303,far,3.886763,5.494294,5.494294,9.099555
100,3.336670,near,2.653818,2.544316,2.544316,7.213232
100,3.336670,far,3.315623,5.569056,5.569056,9.099555
101,3.370037,near,3.363842,2.734837,2.734837,7.213232
101,3.370037,far,4.033393,5.838925,5.838925,9.099555
102,3.403403,near,3.339586,2.810743,2.810743,7.213232
102,3.403403,far,4.498212,5.996756,5.996756,9.099555
103,3.436770,near,3.770952,2.960012,2.960012,7.213232
103,3.436770,far,4.159198,5.996756,5.996756,9.099555
104,3.470137,near,3.493728,2.960012,2.960012,7.213232
104,3.470137,far,4.456646,6.192323,6.192323,9.099555
105,3.503504,near,3.743465,3.250691,3.250691,8.711654
105,3.503504,far,4.214681,6.338074,6.338074,9.099555
106,3.536870,near,3.575172,3.260066,3.260066,8.711654
106,3.536870,far,3.841245,6.338074,6.338074,9.099555
107,3.570237,near,3.177467,3.370967,3.370967,8.711654
107,3.570237,far,2.877488,6.414999,6.414999,9.099555
108,3.603604,near,2.984139,3.408168,3.408168,8.711654
108,3.603604,far,2.089126,6.414999,6.414999,9.099555
109,3.636970,near,2.332794,3.427037,3.427037,8.711654
109,3.636970,far,2.153849,6.427957,6.427957,9.099555
110,3.670337,near,2.332794,3.427037,3.427037,8.711654
110,3.670337,far,1.580674,6.508775,6.508775,9.099555
111,3.703704,near,1.436561,3.538291,3.538291,8.711654
111,3.703704,far,1.610196,6.660436,6.660436,9.099555
112,3.737070,near,2.122552,3.685001,3.685001,8.711654
112,3.737070,far,3.108864,6.960470,6.960470,9.099555
113,3.770437,near,2.114619,3.794314,3.794314,8.711654
113,3.770437,far,3.795298,7.174819,7.174819,9.099555
114,3.803804,near,2.824379,3.973609,3.973609,8.711654
114,3.803804,far,3.795298,7.174819,7.174819,9.099555
115,3.837171,near,2.912866,4.010194,4.010194,8.711654
115,3.837171,far,4.088911,7.246558,7.246558,9.099555
116,3.870537,near,3.455234,4.118776,4.118776,8.711654
116,3.870537,far,3.685225,7.246558,7.246558,9.099555
117,3.903904,near,3.270698,4.193085,4.193085,8.711654
117,3.903904,far,3.055620,7.272172,7.272172,9.099555
118,3.937271,near,2.920703,4.269727,4.269727,8.711654
118,3.937271,far,1.556952,7.272172,7.272172,9.099555
119,3.970637,near,2.760723,4.347011,4.347011,8.711654
119,3.970637,far,0.486279,7.272172,7.272172,9.099555
120,4.004004,near,2.068179,4.387659,4.387659,8.711654
120,4.004004,far,1.177967,7.410648,7.410648,9.099555
121,4.037371,near,2.070400,4.424688,4.424688,8.711654
121,4.037371,far,1.844733,7.615873,7.615873,9.099555
122,4.070737,near,2.113021,4.541803,4.541803,8.711654
122,4.070737,far,2.923091,7.831761,7.831761,9.099555
123,4.104104,near,2.540146,4.701623,4.701623,8.711654
123,4.104104,far,3.519860,7.976848,7.976848,9.099555
124,4.137471,near,2.770996,4.824481,4.824481,8.711654
124,4.137471,far,3.519860,7.976848,7.976848,9.099555
125,4.170838,near,3.180063,4.983660,4.983660,8.711654
125,4.170838,far,4.089952,8.090981,8.090981,9.099555
126,4.204204,near,3.686484,5.125694,5.125694,8.711654
126,4.204204,far,3.786632,8.168732,8.168732,9.099555
127,4.237571,near,4.148816,5.255282,5.255282,8.711654
127,4.237571,far,4.180407,8.452792,8.452792,9.099555
128,4.270938,near,4.689409,5.480624,5.480624,8.711654
128,4.270938,far,3.487197,8.529898,8.529898,9.099555
129,4.304304,near,4.212557,5.544977,5.544977,8.711654
129,4.304304,far,3.527532,8.683061,8.683061,9.099555
130,4.337671,near,4.563690,5.738132,5.738132,8.711654
130,4.337671,far,3.925223,8.762679,8.762679,9.099555
131,4.371038,near,4.825122,5.949651,5.949651,8.711654
131,4.371038,far,3.826988,8.857145,8.857145,9.099555
132,4.404404,near,5.013185,6.129335,6.129335,8.711654
132,4.404404,far,4.499144,9.069462,9.069462,9.099555
133,4.437771,near,4.965663,6.249409,6.249409,8.711654
133,4.437771,far,3.770984,9.207743,9.207743,9.099555
134,4.471138,near,4.306995,6.342885,6.342885,8.711654
134,4.471138,far,4.458202,9.422431,9.422431,9.099555
135,4.504505,near,4.514949,6.448871,6.448871,8.711654
135,4.504505,far,4.419840,9.567914,9.567914,9.099555
136,4.537871,near,3.896414,6.518195,6.518195,8.711654
136,4.537871,far,4.277003,9.618936,9.618936,9.099555
137,4.571238,near,3.550738,6.660509,6.660509,8.711654
137,4.571238,far,4.506253,9.759297,9.759297,9.099555
138,4.604605,near,3.210207,6.772019,6.772019,8.711654
138,4.604605,far,3.636097,9.797409,9.797409,9.099555
139,4.637971,near,4.185876,7.087422,7.087422,9.452640
139,4.637971,far,3.072302,9.822819,9.822819,9.099555
140,4.671338,near,4.048946,7.153485,7.153485,9.452640
140,4.671338,far,2.390250,9.900960,9.900960,9.099555
141,4.704705,near,4.590954,7.367981,7.367981,9.452640
141,4.704705,far,2.027833,9.973886,9.973886,9.099555
142,4.738071,near,5.160211,7.551270,7.551270,9.452640
142,4.738071,far,2.820581,10.183617,10.183617,9.099555
143,4.771438,near,4.887224,7.638932,7.638932,9.452640
143,4.771438,far,2.510197,10.261839,10.261839,9.099555
144,4.804805,near,4.330233,7.638932,7.638932,9.452640
144,4.804805,far,3.356281,10.469337,10.469337,9.099555
145,4.838172,near,2.754793,7.638932,7.638932,9.452640
145,4.838172,far,3.587954,10.541128,10.541128,9.099555
146,4.871538,near,2.424810,7.638932,7.638932,9.452640
146,4.871538,far,3.197639,10.541128,10.541128,9.099555
147,4.904905,near,1.353402,7.638932,7.638932,9.452640
147,4.904905,far,3.183357,10.611195,10.611195,9.099555
148,4.938272,near,1.393187,7.830187,7.830187,9.452640
148,4.938272,far,2.468377,10.677786,10.677786,9.099555
149,4.971638,near,1.357299,7.910664,7.910664,9.452640
149,4.971638,far,2.140230,10.690314,10.690314,9.099555
150,5.005005,near,1.764971,7.992280,7.992280,9.452640
150,5.005005,far,1.439210,10.757467,10.757467,9.099555
151,5.038372,near,2.087337,8.056817,8.056817,9.452640
151,5.038372,far,1.745429,10.890563,10.890563,9.099555
152,5.071738,near,2.264630,8.092312,8.092312,9.452640
152,5.071738,far,1.745429,10.890563,10.890563,9.099555
153,5.105105,near,2.414709,8.122357,8.122357,9.452640
153,5.105105,far,1.521406,10.915781,10.915781,9.099555
154,5.138472,near,1.677969,8.166116,8.166116,9.452640
154,5.138472,far,1.524072,10.982906,10.982906,9.099555
155,5.171839,near,1.780833,8.267187,8.267187,9.452640
155,5.171839,far,1.524350,10.995489,10.995489,9.099555
156,5.205205,near,2.345634,8.461876,8.461876,9.452640
156,5.205205,far,1.251773,11.008073,11.008073,9.099555
157,5.238572,near,2.512075,8.559735,8.559735,9.452640
157,5.238572,far,0.920814,11.074910,11.074910,9.099555
158,5.271939,near,2.951190,8.683141,8.683141,9.452640
158,5.271939,far,1.596443,11.210171,11.210171,9.099555
159,5.305305,near,3.955485,8.914246,8.914246,9.452640
159,5.305305,far,1.809014,11.277946,11.277946,9.099555
160,5.338672,near,4.353948,9.037778,9.037778,9.452640
160,5.338672,far,1.536589,11.290531,11.290531,9.099555
161,5.372039,near,4.012282,9.070447,9.070447,9.452640
161,5.372039,far,1.807542,11.357359,11.357359,9.099555
162,5.405405,near,4.138435,9.290392,9.290392,9.452640
162,5.405405,far,2.100632,11.428620,11.428620,9.099555
163,5.438772,near,4.476428,9.455917,9.455917,9.452640
163,5.438772,far,2.434918,11.562381,11.562381,9.099555
164,5.472139,near,4.092196,9.502399,9.502399,9.452640
164,5.472139,far,2.093092,11.629209,11.629209,9.099555
165,5.505506,near,4.140493,9.743174,9.743174,9.452640
165,5.505506,far,2.421921,11.762815,11.762815,9.099555
166,5.538872,near,4.580559,9.954807,9.954807,9.452640
166,5.538872,far,3.360212,11.963246,11.963246,9.099555
167,5.572239,near,5.292298,10.129966,10.129966,9.452640
167,5.572239,far,3.361025,12.030237,12.030237,9.099555
168,5.605606,near,4.470978,10.185483,10.185483,9.452640
168,5.605606,far,3.331937,12.095674,12.095674,9.099555
169,5.638972,near,4.253146,10.307398,10.307398,9.452640
169,5.638972,far,2.990652,12.161111,12.161111,9.099555
170,5.672339,near,4.408218,10.384925,10.384925,9.452640
170,5.672339,far,2.719329,12.173619,12.173619,9.099555
171,5.705706,near,3.398284,10.423511,10.423511,9.452640
171,5.705706,far,2.051968,12.173619,12.173619,9.099555
172,5.739072,near,2.895204,10.534427,10.534427,9.452640
172,5.739072,far,1.376293,12.238780,12.238780,9.099555
173,5.772439,near,2.354587,10.601355,10.601355,9.452640
173,5.772439,far,1.104019,12.251262,12.251262,9.099555
174,5.805806,near,2.352390,10.656432,10.656432,9.452640
174,5.805806,far,1.108933,12.317683,12.317683,9.099555
175,5.839173,near,2.119463,10.731715,10.731715,9.452640
175,5.839173,far,0.906500,12.342592,12.342592,9.099555
176,5.872539,near,2.587297,10.902902,10.902902,9.452640
176,5.872539,far,1.256559,12.425183,12.425183,9.099555
177,5.905906,near,2.646288,10.953298,10.953298,9.452640
177,5.905906,far,1.967162,12.567446,12.567446,9.099555
178,5.939273,near,2.343204,11.003537,11.003537,9.452640
178,5.939273,far,2.334527,12.706153,12.706153,9.099555
179,5.972639,near,2.053979,11.012562,11.012562,9.452640
179,5.972639,far,2.729080,12.797624,12.797624,9.099555
180,6.006006,near,2.160878,11.089040,11.089040,9.452640
180,6.006006,far,2.709451,12.860115,12.860115,9.099555
181,6.039373,near,2.482875,11.228787,11.228787,9.452640
181,6.039373,far,3.039426,12.951086,12.951086,9.099555
182,6.072739,near,1.984679,11.300236,11.300236,9.452640
182,6.072739,far,3.167207,13.059258,13.059258,9.099555
183,6.106106,near,2.272371,11.408227,11.408227,9.452640
183,6.106106,far,3.764805,13.321160,13.321160,9.099555
184,6.139473,near,2.556844,11.515418,11.515418,9.452640
184,6.139473,far,3.713842,13.449665,13.449665,9.099555
185,6.172840,near,2.734815,11.560072,11.560072,9.452640
185,6.172840,far,3.579274,13.514196,13.514196,9.099555
186,6.206206,near,2.883546,11.666326,11.666326,9.452640
186,6.206206,far,3.590893,13.579013,13.579013,9.099555
187,6.239573,near,3.433273,11.916129,11.916129,9.452640
187,6.239573,far,3.823863,13.716624,13.716624,9.099555
188,6.272940,near,3.801439,12.061284,12.061284,9.452640
188,6.272940,far,3.976745,13.855403,13.855403,9.099555
189,6.306306,near,3.444529,12.097823,12.097823,9.452640
189,6.306306,far,3.044983,13.930766,13.930766,9.099555
190,6.339673,near,3.275743,12.171222,12.171222,9.452640
190,6.339673,far,2.465387,13.943236,13.943236,9.099555
191,6.373040,near,3.255114,12.211747,12.211747,9.452640
191,6.373040,far,2.515595,14.017818,14.017818,9.099555
192,6.406406,near,2.926173,12.252147,12.252147,9.452640
192,6.406406,far,2.517029,14.082922,14.082922,9.099555
193,6.439773,near,1.858667,12.288234,12.288234,9.452640
193,6.439773,far,1.954219,14.107859,14.107859,9.099555
194,6.473140,near,1.680613,12.397743,12.397743,9.452640
194,6.473140,far,1.912803,14.238347,14.238347,9.099555
195,6.506507,near,1.725497,12.443268,12.443268,9.452640
195,6.506507,far,2.190112,14.369227,14.369227,9.099555
196,6.539873,near,1.451081,12.461729,12.461729,9.452640
196,6.539873,far,2.541134,14.451972,14.451972,9.099555
197,6.573240,near,1.607478,12.533564,12.533564,9.452640
197,6.573240,far,2.231019,14.464469,14.464469,9.099555
198,6.606607,near,1.766723,12.605845,12.605845,9.452640
198,6.606607,far,2.590161,14.601473,14.601473,9.099555
199,6.639973,near,2.143387,12.717341,12.717341,9.452640
199,6.639973,far,3.801361,14.868892,14.868892,9.099555
200,6.673340,near,2.148106,12.827795,12.827795,9.452640
200,6.673340,far,4.173220,15.073826,15.073826,9.099555
201,6.706707,near,2.120510,12.867794,12.867794,9.452640
201,6.706707,far,4.888041,15.347814,15.347814,9.099555
202,6.740073,near,2.120055,12.886164,12.886164,9.452640
202,6.740073,far,4.871498,15.427246,15.427246,9.099555
203,6.773440,near,2.305946,12.995215,12.995215,9.452640
203,6.773440,far,6.239409,15.713600,15.713600,9.099555
204,6.806807,near,2.081888,13.022640,13.022640,9.452640
204,6.806807,far,5.813317,15.765300,15.765300,9.099555
205,6.840174,near,1.661944,13.050062,13.050062,9.452640
205,6.840174,far,4.477557,15.765300,15.765300,9.099555
206,6.873540,near,1.461262,13.120339,13.120339,9.452640
206,6.873540,far,3.453912,15.765300,15.765300,9.099555
207,6.906907,near,1.787566,13.225665,13.225665,9.452640
207,6.906907,far,2.085344,15.765300,15.765300,9.099555
208,6.940274,near,1.889828,13.264508,13.264508,9.452640
208,6.940274,far,1.688579,15.765300,15.765300,9.099555
209,6.973640,near,1.595103,13.314555,13.314555,9.452640
209,6.973640,far,0.258245,15.765300,15.765300,9.099555
210,7.007007,near,1.814655,13.385934,13.385934,9.452640
210,7.007007,far,0.000000,15.765300,15.765300,9.099555
211,7.040374,near,1.849154,13.420263,13.420263,9.452640
211,7.040374,far,0.000000,15.765300,15.765300,9.099555
212,7.073740,near,1.675589,13.455793,13.455793,9.452640
212,7.073740,far,0.000000,15.765300,15.765300,9.099555
213,7.107107,near,1.494016,13.524768,13.524768,9.452640
213,7.107107,far,0.000000,15.765300,15.765300,9.099555
214,7.140474,near,1.649759,13.594790,13.594790,9.452640
214,7.140474,far,0.000000,15.765300,15.765300,9.099555
215,7.173841,near,1.445352,13.603915,13.603915,9.452640
215,7.173841,far,0.000000,15.765300,15.765300,9.099555
216,7.207207,near,1.268995,13.639987,13.639987,9.452640
216,7.207207,far,0.000000,15.765300,15.765300,9.099555
217,7.240574,near,1.143170,13.649126,13.649126,9.452640
217,7.240574,far,0.000000,15.765300,15.765300,9.099555
218,7.273941,near,1.145487,13.685119,13.685119,9.452640
218,7.273941,far,0.522935,15.869992,15.869992,9.099555
219,7.307307,near,1.150356,13.755069,13.755069,9.452640
219,7.307307,far,1.260461,16.017645,16.017645,9.099555
220,7.340674,near,1.147877,13.824595,13.824595,9.452640
220,7.340674,far,1.636049,16.092838,16.092838,9.099555
221,7.374041,near,1.446860,13.893576,13.893576,9.452640
221,7.374041,far,2.035760,16.172860,16.172860,9.099555
222,7.407407,near,1.789756,13.998296,13.998296,9.452640
222,7.407407,far,2.389435,16.243666,16.243666,9.099555
223,7.440774,near,1.835417,14.016577,14.016577,9.452640
223,7.440774,far,3.102903,16.386502,16.386502,9.099555
224,7.474141,near,2.183614,14.122279,14.122279,9.452640
224,7.474141,far,2.944108,16.459403,16.459403,9.099555
225,7.507508,near,2.015504,14.158573,14.158573,9.452640
225,7.507508,far,2.921729,16.602575,16.602575,9.099555
226,7.540874,near,1.843441,14.193653,14.193653,9.452640
226,7.540874,far,2.546141,16.602575,16.602575,9.099555
227,7.574241,near,1.917087,14.277377,14.277377,9.452640
227,7.574241,far,2.510834,16.675529,16.675529,9.099555
228,7.607608,near,2.109611,14.420641,14.420641,9.452640
228,7.607608,far,2.222652,16.688641,16.688641,9.099555
229,7.640974,near,2.722312,14.561584,14.561584,9.452640
229,7.640974,far,1.705669,16.727977,16.727977,9.099555
230,7.674341,near,2.983271,14.719531,14.719531,9.452640
230,7.674341,far,1.754929,16.810740,16.810740,9.099555
231,7.707708,near,3.378156,14.834881,14.834881,9.452640
231,7.707708,far,1.451410,16.893148,16.893148,9.099555
232,7.741074,near,3.568638,14.908095,14.908095,9.452640
232,7.741074,far,1.861278,16.975204,16.975204,9.099555
233,7.774441,near,3.660695,15.010249,15.010249,9.452640
233,7.774441,far,1.900937,17.056097,17.056097,9.099555
234,7.807808,near,3.389192,15.099158,15.099158,9.452640
234,7.807808,far,2.561366,17.201427,17.201427,9.099555
235,7.841175,near,4.262056,15.414849,15.414849,9.461254
235,7.841175,far,3.084534,17.345502,17.345502,9.099555
236,7.874541,near,3.758415,15.471966,15.471966,9.461254
236,7.874541,far,3.399898,17.491400,17.491400,9.099555
237,7.907908,near,3.756024,15.586838,15.586838,9.461254
237,7.907908,far,4.026782,17.699310,17.699310,9.099555
238,7.941275,near,3.911693,15.691216,15.691216,9.461254
238,7.941275,far,3.616914,17.699310,17.699310,9.099555
239,7.974641,near,4.005104,15.812072,15.812072,9.461254
239,7.974641,far,3.600744,17.776967,17.776967,9.099555
240,8.008008,near,4.731795,16.046464,16.046464,9.461254
240,8.008008,far,3.893488,17.980904,17.980904,9.099555
241,8.041375,near,3.573193,16.130203,16.130203,9.461254
241,8.041375,far,3.428247,18.031837,18.031837,9.099555
242,8.074741,near,4.754743,16.423867,16.423867,9.461254
242,8.074741,far,3.388692,18.169817,18.169817,9.099555
243,8.108108,near,4.673153,16.522404,16.522404,9.461254
243,8.108108,far,3.373140,18.374614,18.374614,9.099555
244,8.141475,near,5.283470,16.748968,16.748968,9.461254
244,8.141475,far,3.790863,18.458242,18.458242,9.099555
245,8.174842,near,5.909846,16.995224,16.995224,9.461254
245,8.174842,far,3.783733,18.534471,18.534471,9.099555
246,8.208208,near,5.680644,17.183730,17.183730,9.461254
246,8.208208,far,3.120435,18.605616,18.605616,9.099555
247,8.241575,near,5.691855,17.269713,17.269713,9.461254
247,8.241575,far,3.281771,18.688849,18.688849,9.099555
248,8.274942,near,4.417407,17.308232,17.308232,9.461254
248,8.274942,far,2.948606,18.760129,18.760129,9.099555
249,8.308308,near,3.967443,17.316687,17.316687,9.461254
249,8.308308,far,2.264887,18.828045,18.828045,9.099555
250,8.341675,near,2.985486,17.346663,17.346663,9.461254
250,8.341675,far,2.509431,18.960631,18.960631,9.099555
251,8.375042,near,1.930490,17.381709,17.381709,9.461254
251,8.375042,far,2.457710,19.026505,19.026505,9.099555
252,8.408408,near,1.157981,17.415558,17.415558,9.461254
252,8.408408,far,2.102341,19.026505,19.026505,9.099555
253,8.441775,near,1.050760,17.480076,17.480076,9.461254
253,8.441775,far,2.013478,19.091947,19.091947,9.099555
254,8.475142,near,1.199900,17.548453,17.548453,9.461254
254,8.475142,far,1.976992,19.155923,19.155923,9.099555
255,8.508509,near,1.423694,17.601711,17.601711,9.461254
255,8.508509,far,1.955990,19.219634,19.219634,9.099555
256,8.541875,near,1.486380,17.644237,17.644237,9.461254
256,8.541875,far,1.293723,19.219634,19.219634,9.099555
257,8.575242,near,1.512646,17.684541,17.684541,9.461254
257,8.575242,far,1.304754,19.287717,19.287717,9.099555
258,8.608609,near,1.499419,17.715742,17.715742,9.461254
258,8.608609,far,1.942955,19.415485,19.415485,9.099555
259,8.641975,near,1.329026,17.746147,17.746147,9.461254
259,8.641975,far,1.941610,19.480658,19.480658,9.099555
260,8.675342,near,1.292292,17.807170,17.807170,9.461254
260,8.675342,far,2.276907,19.611760,19.611760,9.099555
261,8.708709,near,1.634645,17.928967,17.928967,9.461254
261,8.708709,far,2.020737,19.624186,19.624186,9.099555
262,8.742075,near,2.194429,18.083562,18.083562,9.461254
262,8.742075,far,2.672215,19.754612,19.754612,9.099555
263,8.775442,near,2.959366,18.277007,18.277007,9.461254
263,8.775442,far,2.394467,19.767090,19.767090,9.099555
264,8.808809,near,3.633299,18.443130,18.443130,9.461254
264,8.808809,far,2.413214,19.898611,19.898611,9.099555
265,8.842176,near,3.874670,18.521857,18.521857,9.461254
265,8.842176,far,2.212848,19.923671,19.923671,9.099555
266,8.875542,near,4.479804,18.704027,18.704027,9.461254
266,8.875542,far,1.885663,19.989271,19.989271,9.099555
267,8.908909,near,4.347447,18.799326,18.799326,9.461254
267,8.908909,far,2.151268,20.054870,20.054870,9.099555
268,8.942276,near,3.962718,18.876899,18.876899,9.461254
268,8.942276,far,1.833309,20.121641,20.121641,9.099555
269,8.975642,near,4.190757,19.115997,19.115997,9.461254
269,8.975642,far,2.425081,20.252591,20.252591,9.099555
270,9.009009,near,3.873574,19.218620,19.218620,9.461254
270,9.009009,far,2.093056,20.317641,20.317641,9.099555
271,9.042376,near,3.967565,19.316164,19.316164,9.461254
271,9.042376,far,2.030202,20.330118,20.330118,9.099555
272,9.075742,near,3.706282,19.446026,19.446026,9.461254
272,9.075742,far,2.687471,20.527303,20.527303,9.099555
273,9.109109,near,3.230263,19.446026,19.446026,9.461254
273,9.109109,far,2.740164,20.603452,20.603452,9.099555
274,9.142476,near,3.060426,19.489596,19.489596,9.461254
274,9.142476,far,3.395815,20.801484,20.801484,9.099555
275,9.175843,near,2.518007,19.620103,19.620103,9.461254
275,9.175843,far,2.866647,20.826495,20.826495,9.099555
276,9.209209,near,2.447455,19.708601,19.708601,9.461254
276,9.209209,far,2.919699,20.902165,20.902165,9.099555
277,9.242576,near,2.562933,19.829264,19.829264,9.461254
277,9.242576,far,4.172843,21.165522,21.165522,9.099555
278,9.275943,near,2.740741,19.994723,19.994723,9.461254
278,9.275943,far,3.517706,21.231548,21.231548,9.099555
279,9.309309,near,3.359336,20.118565,20.118565,9.461254
279,9.309309,far,3.468538,21.297854,21.297854,9.099555
280,9.342676,near,3.395652,20.169407,20.169407,9.461254
280,9.342676,far,2.805745,21.363195,21.363195,9.099555
281,9.376043,near,3.614396,20.343705,20.343705,9.461254
281,9.376043,far,2.805788,21.388214,21.388214,9.099555
282,9.409409,near,3.677435,20.444824,20.444824,9.461254
282,9.409409,far,2.552791,21.413235,21.413235,9.099555
283,9.442776,near,3.074723,20.444824,20.444824,9.461254
283,9.442776,far,2.227234,21.611414,21.611414,9.099555
284,9.476143,near,2.804606,20.556205,20.556205,9.461254
284,9.476143,far,2.951361,21.822411,21.822411,9.099555
285,9.509510,near,2.186011,20.556205,20.556205,9.461254
285,9.509510,far,3.339683,21.966459,21.966459,9.099555
286,9.542876,near,2.504224,20.670753,20.670753,9.461254
286,9.542876,far,3.739163,22.111776,22.111776,9.099555
287,9.576243,near,2.403754,20.824937,20.824937,9.461254
287,9.576243,far,4.376077,22.264305,22.264305,9.099555
288,9.609610,near,2.984631,21.042348,21.042348,9.461254
288,9.609610,far,5.298331,22.473962,22.473962,9.099555
289,9.642976,near,3.164583,21.078374,21.078374,9.461254
289,9.642976,far,5.023129,22.617046,22.617046,9.099555
290,9.676343,near,2.788186,21.114401,21.114401,9.461254
290,9.676343,far,5.314189,22.886313,22.886313,9.099555
291,9.709710,near,3.554836,21.267884,21.267884,9.461254
291,9.709710,far,4.958233,22.959098,22.959098,9.099555
292,9.743076,near,4.111392,21.493854,21.493854,9.461254
292,9.743076,far,4.355474,22.983743,22.983743,9.099555
293,9.776443,near,4.493374,21.724512,21.724512,9.461254
293,9.776443,far,3.593589,22.983743,22.983743,9.099555
294,9.809810,near,3.996771,21.842502,21.842502,9.461254
294,9.809810,far,2.607910,22.996066,22.996066,9.099555
295,9.843177,near,4.745605,22.028445,22.028445,9.461254
295,9.843177,far,2.544136,23.126382,23.126382,9.099555
296,9.876543,near,5.329814,22.181430,22.181430,9.461254
296,9.876543,far,1.260961,23.138758,23.138758,9.099555
297,9.909910,near,5.323537,22.333657,22.333657,9.461254
297,9.909910,far,1.216099,23.202562,23.202562,9.099555
298,9.943277,near,4.590100,22.412793,22.412793,9.461254
298,9.943277,far,1.216380,23.227262,23.227262,9.099555
299,9.976643,near,3.734556,22.472171,22.472171,9.461254
299,9.976643,far,1.216380,23.227262,23.227262,9.099555
300,10.010010,near,3.145193,22.472171,22.472171,9.461254
300,10.010010,far,1.217293,23.239768,23.239768,9.099555
301,10.043377,near,2.780575,22.585117,22.585117,9.461254
301,10.043377,far,1.236477,23.373925,23.373925,9.099555
302,10.076743,near,2.397207,22.661352,22.661352,9.461254
302,10.076743,far,1.174663,23.373925,23.373925,9.099555
303,10.110110,near,1.826330,22.699289,22.699289,9.461254
303,10.110110,far,1.610295,23.524943,23.524943,9.099555
304,10.143477,near,2.167539,22.846735,22.846735,9.461254
304,10.143477,far,2.900982,23.808039,23.808039,9.099555
305,10.176844,near,2.440524,22.960764,22.960764,9.461254
305,10.176844,far,2.900982,23.808039,23.808039,9.099555
306,10.210210,near,2.487213,22.970111,22.970111,9.461254
306,10.210210,far,3.927628,24.026080,24.026080,9.099555
307,10.243577,near,2.016421,22.988805,22.988805,9.461254
307,10.243577,far,4.055980,24.185933,24.185933,9.099555
308,10.276944,near,1.869046,23.035535,23.035535,9.461254
308,10.276944,far,4.881941,24.351291,24.351291,9.099555
309,10.310310,near,2.299955,23.159740,23.159740,9.461254
309,10.310310,far,5.232654,24.572521,24.572521,9.099555
310,10.343677,near,1.826708,23.212442,23.212442,9.461254
310,10.343677,far,4.255974,24.660086,24.660086,9.099555
311,10.377044,near,1.257134,23.212442,23.212442,9.461254
311,10.377044,far,5.382859,24.885689,24.885689,9.099555
312,10.410410,near,1.754238,23.321310,23.321310,9.461254
312,10.410410,far,4.789149,24.984868,24.984868,9.099555
313,10.443777,near,1.853936,23.359963,23.359963,9.461254
313,10.443777,far,5.442065,25.275436,25.275436,9.099555
314,10.477144,near,1.838231,23.403550,23.403550,9.461254
314,10.477144,far,5.671243,25.486675,25.486675,9.099555
315,10.510511,near,1.436192,23.447266,23.447266,9.461254
315,10.510511,far,5.632437,25.700136,25.700136,9.099555
316,10.543877,near,1.354526,23.483619,23.483619,9.461254
316,10.543877,far,5.610679,25.783345,25.783345,9.099555
317,10.577244,near,1.716007,23.555987,23.555987,9.461254
317,10.577244,far,4.864871,25.859637,25.859637,9.099555
318,10.610611,near,1.308738,23.583320,23.583320,9.461254
318,10.610611,far,4.781733,25.942172,25.942172,9.099555
319,10.643977,near,1.485112,23.657283,23.657283,9.461254
319,10.643977,far,3.521462,25.980433,25.980433,9.099555
320,10.677344,near,1.616549,23.727183,23.727183,9.461254
320,10.677344,far,3.145765,26.116458,26.116458,9.099555
321,10.710711,near,2.280540,23.903831,23.903831,9.461254
321,10.710711,far,3.279023,26.356597,26.356597,9.099555
322,10.744077,near,2.455738,23.975258,23.975258,9.461254
322,10.744077,far,3.763670,26.536833,26.536833,9.099555
323,10.777444,near,2.186823,23.993790,23.993790,9.461254
323,10.777444,far,3.723758,26.605134,26.605134,9.099555
324,10.810811,near,2.611271,24.106097,24.106097,9.461254
324,10.810811,far,3.886024,26.720155,26.720155,9.099555
325,10.844178,near,3.138065,24.285524,24.285524,9.461254
325,10.844178,far,3.822027,26.745604,26.745604,9.099555
326,10.877544,near,3.509880,24.429862,24.429862,9.461254
326,10.877544,far,3.872637,26.891760,26.891760,9.099555
327,10.910911,near,3.036641,24.511767,24.511767,9.461254
327,10.910911,far,3.081685,26.973551,26.973551,9.099555
328,10.944278,near,3.652146,24.706419,24.706419,9.461254
328,10.944278,far,2.574692,27.052287,27.052287,9.099555
329,10.977644,near,5.120966,25.019008,25.019008,9.461254
329,10.977644,far,2.750703,27.155825,27.155825,9.099555
330,11.011011,near,4.559993,25.019008,25.019008,9.461254
330,11.011011,far,2.491725,27.218999,27.218999,9.099555
331,11.044378,near,4.830945,25.252680,25.252680,9.461254
331,11.044378,far,2.743197,27.294792,27.294792,9.099555
332,11.077744,near,4.109979,25.252680,25.252680,9.461254
332,11.077744,far,2.861657,27.464665,27.464665,9.099555
333,11.111111,near,4.107005,25.333990,25.333990,9.461254
333,11.111111,far,3.475857,27.669419,27.669419,9.099555
334,11.144478,near,3.890018,25.485201,25.485201,9.461254
334,11.144478,far,4.076598,27.868423,27.868423,9.099555
335,11.177845,near,2.779435,25.575452,25.575452,9.461254
335,11.177845,far,4.198735,27.996413,27.996413,9.099555
336,11.211211,near,3.006180,25.620846,25.620846,9.461254
336,11.211211,far,4.202176,28.060275,28.060275,9.099555
337,11.244578,near,2.623842,25.777974,25.777974,9.461254
337,11.244578,far,4.788167,28.253384,28.253384,9.099555
338,11.277945,near,3.573063,25.968008,25.968008,9.461254
338,11.277945,far,4.589613,28.383506,28.383506,9.099555
339,11.311311,near,3.166920,25.968008,25.968008,9.461254
339,11.311311,far,3.943053,28.458819,28.458819,9.099555
340,11.344678,near,3.593223,26.204565,26.204565,9.461254
340,11.344678,far,3.288218,28.526725,28.526725,9.099555
341,11.378045,near,3.806817,26.337577,26.337577,9.461254
341,11.378045,far,3.950161,28.787236,28.787236,9.099555
342,11.411411,near,4.035924,26.428839,26.428839,9.461254
342,11.411411,far,4.294102,28.919955,28.919955,9.099555
343,11.444778,near,3.898864,26.558527,26.558527,9.461254
343,11.444778,far,4.327078,29.119666,29.119666,9.099555
344,11.478145,near,3.357509,26.640182,26.640182,9.461254
344,11.478145,far,4.014838,29.187278,29.187278,9.099555
345,11.511512,near,3.757337,26.720228,26.720228,9.461254
345,11.511512,far,3.974017,29.254418,29.254418,9.099555
346,11.544878,near,3.186312,26.842465,26.842465,9.461254
346,11.544878,far,3.975395,29.322599,29.322599,9.099555
347,11.578245,near,2.728441,26.883812,26.883812,9.461254
347,11.578245,far,3.066600,29.401170,29.401170,9.099555
348,11.611612,near,2.683618,26.966100,26.966100,9.461254
348,11.611612,far,2.720787,29.464657,29.464657,9.099555
349,11.644978,near,2.301682,27.019324,27.019324,9.461254
349,11.644978,far,2.737686,29.667752,29.667752,9.099555
350,11.678345,near,2.342039,27.109059,27.109059,9.461254
350,11.678345,far,2.786066,29.745049,29.745049,9.099555
351,11.711712,near,2.538048,27.228346,27.228346,9.461254
351,11.711712,far,2.834394,29.821864,29.821864,9.099555
352,11.745078,near,2.721925,27.387395,27.387395,9.461254
352,11.745078,far,3.226822,29.968610,29.968610,9.099555
353,11.778445,near,3.152050,27.514853,27.514853,9.461254
353,11.778445,far,2.834363,29.968610,29.968610,9.099555
354,11.811812,near,3.757591,27.718370,27.718370,9.461254
354,11.811812,far,3.032952,30.071855,30.071855,9.099555
355,11.845179,near,3.889164,27.797936,27.797936,9.461254
355,11.845179,far,2.542365,30.176734,30.176734,9.099555
356,11.878545,near,4.437119,27.997371,27.997371,9.461254
356,11.878545,far,3.555640,30.456889,30.456889,9.099555
357,11.911912,near,4.192055,28.067596,28.067596,9.461254
357,11.911912,far,4.609357,30.744658,30.744658,9.099555
358,11.945279,near,4.019660,28.192132,28.192132,9.461254
358,11.945279,far,4.227951,30.815047,30.815047,9.099555
359,11.978645,near,3.965026,28.308652,28.308652,9.461254
359,11.978645,far,4.421212,30.853737,30.853737,9.099555
360,12.012012,near,3.230897,28.365196,28.365196,9.461254
360,12.012012,far,4.597139,30.992203,30.992203,9.099555
361,12.045379,near,3.115863,28.421732,28.421732,9.461254
361,12.045379,far,4.073270,30.992203,30.992203,9.099555
362,12.078745,near,2.356897,28.469222,28.469222,9.461254
362,12.078745,far,3.761629,31.209968,31.209968,9.099555
363,12.112112,near,2.336587,28.535381,28.535381,9.461254
363,12.112112,far,3.393076,31.423953,31.423953,9.099555
364,12.145479,near,2.098168,28.612186,28.612186,9.461254
364,12.145479,far,4.555299,31.727018,31.727018,9.099555
365,12.178846,near,2.990034,28.907257,28.907257,9.461254
365,12.178846,far,5.095178,31.873793,31.873793,9.099555
366,12.212212,near,3.116556,28.989131,28.989131,9.461254
366,12.212212,far,4.940294,31.981251,31.981251,9.099555
367,12.245579,near,3.403975,29.103209,29.103209,9.461254
367,12.245579,far,5.764851,32.146327,32.146327,9.099555
368,12.278946,near,3.350798,29.140053,29.140053,9.461254
368,12.278946,far,5.072591,32.225501,32.225501,9.099555
369,12.312312,near,3.204353,29.176893,29.176893,9.461254
369,12.312312,far,4.836189,32.392159,32.392159,9.099555
370,12.345679,near,3.004714,29.213730,29.213730,9.461254
370,12.345679,far,3.454741,32.418658,32.418658,9.099555
371,12.379046,near,1.714814,29.250563,29.250563,9.461254
371,12.379046,far,2.721600,32.418658,32.418658,9.099555
372,12.412412,near,1.563923,29.302229,29.302229,9.461254
372,12.412412,far,2.184850,32.418658,32.418658,9.099555
373,12.445779,near,1.215345,29.346521,29.346521,9.461254
373,12.445779,far,1.360292,32.418658,32.418658,9.099555
374,12.479146,near,1.408769,29.422089,29.422089,9.461254
374,12.479146,far,1.030997,32.431907,32.431907,9.099555
375,12.512513,near,1.608024,29.498820,29.498820,9.461254
375,12.512513,far,0.330894,32.458404,32.458404,9.099555
376,12.545879,near,2.322115,29.678618,29.678618,9.461254
376,12.545879,far,0.198529,32.458404,32.458404,9.099555
377,12.579246,near,2.521495,29.755367,29.755367,9.461254
377,12.579246,far,0.462948,32.511340,32.511340,9.099555
378,12.612613,near,2.402841,29.783278,29.783278,9.461254
378,12.612613,far,0.462948,32.511340,32.511340,9.099555
379,12.645979,near,2.408033,29.828610,29.828610,9.461254
379,12.645979,far,0.876419,32.594117,32.594117,9.099555
380,12.679346,near,2.591126,29.940833,29.940833,9.461254
380,12.679346,far,1.547565,32.741730,32.741730,9.099555
381,12.712713,near,2.300490,29.959378,29.959378,9.461254
381,12.712713,far,2.144880,32.887809,32.887809,9.099555
382,12.746079,near,1.763692,30.031709,30.031709,9.461254
382,12.746079,far,2.782659,33.015493,33.015493,9.099555
383,12.779446,near,1.912654,30.138281,30.138281,9.461254
383,12.779446,far,2.518241,33.015493,33.015493,9.099555
384,12.812813,near,2.653038,30.314417,30.314417,9.461254
384,12.812813,far,2.848819,33.081674,33.081674,9.099555
385,12.846180,near,2.965496,30.422302,30.422302,9.461254
385,12.846180,far,2.435348,33.081674,33.081674,9.099555
386,12.879546,near,2.598942,30.461141,30.461141,9.461254
386,12.879546,far,2.792511,33.300791,33.300791,9.099555
387,12.912913,near,2.827855,30.525516,30.525516,9.461254
387,12.912913,far,2.595881,33.407505,33.407505,9.099555
388,12.946280,near,3.297165,30.691803,30.691803,9.461254
388,12.946280,far,2.089791,33.433869,33.433869,9.099555
389,12.979646,near,4.271601,30.993456,30.993456,9.461254
389,12.979646,far,2.155640,33.447052,33.447052,9.099555
390,13.013013,near,4.615901,31.238521,31.238521,9.461254
390,13.013013,far,2.212572,33.524632,33.524632,9.099555
391,13.046380,near,4.965938,31.416484,31.416484,9.461254
391,13.046380,far,2.936663,33.669595,33.669595,9.099555
392,13.079746,near,6.234942,31.709378,31.709378,9.461254
392,13.079746,far,2.570596,33.815425,33.815425,9.099555
393,13.113113,near,6.357491,31.798287,31.798287,9.461254
393,13.113113,far,3.479589,34.104119,34.104119,9.099555
394,13.146480,near,5.997400,31.892483,31.892483,9.461254
394,13.146480,far,4.429611,34.320678,34.320678,9.099555
395,13.179847,near,4.812247,31.956869,31.956869,9.461254
395,13.179847,far,5.789195,34.606050,34.606050,9.099555
396,13.213213,near,3.842427,32.007776,32.007776,9.461254
396,13.213213,far,5.837525,34.693305,34.693305,9.099555
397,13.246580,near,3.316625,32.080473,32.080473,9.461254
397,13.246580,far,5.867526,34.844275,34.844275,9.099555
398,13.279947,near,2.109902,32.131781,32.131781,9.461254
398,13.279947,far,5.518144,34.920158,34.920158,9.099555
399,13.313313,near,1.757376,32.150114,32.150114,9.461254
399,13.313313,far,4.515805,35.008185,35.008185,9.099555
400,13.346680,near,1.469901,32.186758,32.186758,9.461254
400,13.346680,far,3.434094,35.008185,35.008185,9.099555
401,13.380047,near,1.331889,32.223513,32.223513,9.461254
401,13.380047,far,3.070382,35.220741,35.220741,9.099555
402,13.413413,near,1.123531,32.232707,32.232707,9.461254
402,13.413413,far,3.669266,35.427893,35.427893,9.099555
403,13.446780,near,1.129325,32.306565,32.306565,9.461254
403,13.446780,far,4.264333,35.697995,35.697995,9.099555
404,13.480147,near,1.232200,32.378468,32.378468,9.461254
404,13.480147,far,4.547747,35.830618,35.830618,9.099555
405,13.513514,near,2.225945,32.595748,32.595748,9.461254
405,13.513514,far,4.441584,35.897391,35.897391,9.099555
406,13.546880,near,2.411129,32.669466,32.669466,9.461254
406,13.546880,far,4.790747,35.967293,35.967293,9.099555
407,13.580247,near,3.500923,32.924399,32.924399,9.461254
407,13.580247,far,3.853711,35.992255,35.992255,9.099555
408,13.613614,near,3.679831,32.969410,32.969410,9.461254
408,13.613614,far,3.166633,36.061854,36.061854,9.099555
409,13.646980,near,4.811021,33.269732,33.269732,9.461254
409,13.646980,far,2.488978,36.196289,36.196289,9.099555
410,13.680347,near,4.748372,33.329093,33.329093,9.461254
410,13.680347,far,2.472500,36.325613,36.325613,9.099555
411,13.713714,near,4.058972,33.408355,33.408355,9.461254
411,13.713714,far,2.468237,36.391532,36.391532,9.099555
412,13.747080,near,4.488514,33.568068,33.568068,9.461254
412,13.747080,far,2.773528,36.522554,36.522554,9.099555
413,13.780447,near,3.422767,33.609637,33.609637,9.461254
413,13.780447,far,3.355669,36.664061,36.664061,9.099555
414,13.813814,near,3.567874,33.683699,33.683699,9.461254
414,13.813814,far,3.439245,36.750391,36.750391,9.099555
415,13.847181,near,2.255981,33.721380,33.721380,9.461254
415,13.847181,far,3.199061,36.836742,36.836742,9.099555
416,13.880547,near,2.328233,33.795205,33.795205,9.461254
416,13.880547,far,3.144512,36.955145,36.955145,9.099555
417,13.913914,near,2.162807,33.841350,33.841350,9.461254
417,13.913914,far,3.309457,37.054086,37.054086,9.099555
418,13.947281,near,2.101150,33.988718,33.988718,9.461254
418,13.947281,far,3.200164,37.163228,37.163228,9.099555
419,13.980647,near,2.346142,34.079335,34.079335,9.461254
419,13.980647,far,2.493339,37.163228,37.163228,9.099555
420,14.014014,near,2.161804,34.116493,34.116493,9.461254
420,14.014014,far,3.545530,37.460207,37.460207,9.099555
421,14.047381,near,2.344849,34.190819,34.190819,9.461254
421,14.047381,far,4.159966,37.669568,37.669568,9.099555
422,14.080747,near,2.307746,34.257216,34.257216,9.461254
422,14.080747,far,3.568540,37.669568,37.669568,9.099555
423,14.114114,near,2.488736,34.339595,34.339595,9.461254
423,14.114114,far,4.113338,37.877577,37.877577,9.099555
424,14.147481,near,2.500927,34.489405,34.489405,9.461254
424,14.147481,far,4.077570,37.979558,37.979558,9.099555
425,14.180848,near,2.377523,34.555316,34.555316,9.461254
425,14.180848,far,4.077570,37.979558,37.979558,9.099555
426,14.214214,near,2.560608,34.629127,34.629127,9.461254
426,14.214214,far,2.850743,38.030926,38.030926,9.099555
427,14.247581,near,2.412992,34.673900,34.673900,9.461254
427,14.247581,far,2.578190,38.185722,38.185722,9.099555
428,14.280948,near,2.483795,34.754473,34.754473,9.461254
428,14.280948,far,3.062379,38.282657,38.282657,9.099555
429,14.314314,near,2.660431,34.872214,34.872214,9.461254
429,14.314314,far,2.023373,38.282657,38.282657,9.099555
430,14.347681,near,2.144104,34.918655,34.918655,9.461254
430,14.347681,far,1.579585,38.295791,38.295791,9.099555
431,14.381048,near,2.105520,34.976842,34.976842,9.461254
431,14.381048,far,2.126441,38.405272,38.405272,9.099555
432,14.414414,near,2.026614,35.034856,35.034856,9.461254
432,14.414414,far,2.231348,38.477643,38.477643,9.099555
433,14.447781,near,2.080579,35.090433,35.090433,9.461254
433,14.447781,far,1.830535,38.552195,38.552195,9.099555
434,14.481148,near,2.124357,35.179769,35.179769,9.461254
434,14.481148,far,1.346345,38.552195,38.552195,9.099555
435,14.514515,near,2.081322,35.288895,35.288895,9.461254
435,14.514515,far,2.004958,38.684050,38.684050,9.099555
436,14.547881,near,3.241250,35.567554,35.567554,9.461254
436,14.547881,far,2.680579,38.832444,38.832444,9.099555
437,14.581248,near,3.295519,35.636605,35.636605,9.461254
437,14.581248,far,2.133723,38.832444,38.832444,9.099555
438,14.614615,near,3.051245,35.645715,35.645715,9.461254
438,14.614615,far,2.164102,38.910896,38.910896,9.099555
439,14.647981,near,2.910159,35.673047,35.673047,9.461254
439,14.647981,far,2.185347,38.989702,38.989702,9.099555
440,14.681348,near,3.170035,35.814411,35.814411,9.461254
440,14.681348,far,2.588871,39.070488,39.070488,9.099555
441,14.714715,near,2.878025,35.865076,35.865076,9.461254
441,14.714715,far,3.017088,39.288071,39.288071,9.099555
442,14.748081,near,1.731209,35.914142,35.914142,9.461254
442,14.748081,far,2.632920,39.359555,39.359555,9.099555
443,14.781448,near,1.557513,35.948420,35.948420,9.461254
443,14.781448,far,3.348613,39.502837,39.502837,9.099555
444,14.814815,near,1.857465,36.017580,36.017580,9.461254
444,14.814815,far,3.319005,39.575362,39.575362,9.099555
445,14.848182,near,1.967709,36.066983,36.066983,9.461254
445,14.848182,far,3.650564,39.720546,39.720546,9.099555
446,14.881548,near,1.656512,36.146045,36.146045,9.461254
446,14.881548,far,4.332437,39.937842,39.937842,9.099555
447,14.914915,near,1.970617,36.259594,36.259594,9.461254
447,14.914915,far,3.311276,39.950989,39.950989,9.099555
448,14.948282,near,1.951324,36.304797,36.304797,9.461254
448,14.948282,far,3.085549,39.977282,39.977282,9.099555
449,14.981648,near,2.299038,36.408688,36.408688,9.461254
449,14.981648,far,3.123770,40.128216,40.128216,9.099555
450,15.015015,near,2.627373,36.543581,36.543581,9.461254
450,15.015015,far,3.223071,40.220621,40.220621,9.099555
451,15.048382,near,2.380608,36.543581,36.543581,9.461254
451,15.048382,far,2.902068,40.301540,40.301540,9.099555
452,15.081748,near,2.318270,36.610163,36.610163,9.461254
452,15.081748,far,2.146987,40.367670,40.367670,9.099555
453,15.115115,near,1.840179,36.627998,36.627998,9.461254
453,15.115115,far,2.411574,40.433787,40.433787,9.099555
454,15.148482,near,2.768276,36.859007,36.859007,9.461254
454,15.148482,far,2.280242,40.433787,40.433787,9.099555
455,15.181849,near,2.486655,36.906516,36.906516,9.461254
455,15.181849,far,2.239860,40.576637,40.576637,9.099555
456,15.215215,near,2.020865,36.948159,36.948159,9.461254
456,15.215215,far,3.008945,40.823012,40.823012,9.099555
457,15.248582,near,2.241860,36.992402,36.992402,9.461254
457,15.248582,far,4.071266,41.116609,41.116609,9.099555
458,15.281949,near,2.182083,37.047016,37.047016,9.461254
458,15.281949,far,4.197482,41.208006,41.208006,9.099555
459,15.315315,near,2.858669,37.200304,37.200304,9.461254
459,15.315315,far,4.355374,41.305734,41.305734,9.099555
460,15.348682,near,2.742845,37.408125,37.408125,9.461254
460,15.348682,far,4.755524,41.385844,41.385844,9.099555
461,15.382049,near,3.507952,37.608809,37.608809,9.461254
461,15.382049,far,5.468832,41.671498,41.671498,9.099555
462,15.415415,near,4.741117,37.897331,37.897331,9.461254
462,15.415415,far,5.652044,41.954553,41.954553,9.099555
463,15.448782,near,4.773605,37.948079,37.948079,9.461254
463,15.448782,far,4.553620,42.028244,42.028244,9.099555
464,15.482149,near,5.113416,38.070723,38.070723,9.461254
464,15.482149,far,4.527195,42.114352,42.114352,9.099555
465,15.515516,near,4.791458,38.159555,38.159555,9.461254
465,15.515516,far,4.400596,42.186734,42.186734,9.099555
466,15.548882,near,4.357410,38.280479,38.280479,9.461254
466,15.548882,far,5.045774,42.396009,42.396009,9.099555
467,15.582249,near,4.005821,38.410775,38.410775,9.461254
467,15.582249,far,4.358225,42.544015,42.544015,9.099555
468,15.615616,near,3.583603,38.614769,38.614769,9.461254
468,15.615616,far,3.656536,42.686592,42.686592,9.099555
469,15.648982,near,4.149221,38.778754,38.778754,9.461254
469,15.648982,far,3.809361,42.790879,42.790879,9.099555
470,15.682349,near,4.579391,38.987518,38.987518,9.461254
470,15.682349,far,3.897820,42.894696,42.894696,9.099555
471,15.715716,near,4.746845,39.109874,39.109874,9.461254
471,15.715716,far,4.101901,43.007935,43.007935,9.099555
472,15.749082,near,5.244747,39.330479,39.330479,9.461254
472,15.749082,far,3.056572,43.007935,43.007935,9.099555
473,15.782449,near,5.500711,39.512019,39.512019,9.461254
473,15.782449,far,2.380428,43.020578,43.020578,9.099555
474,15.815816,near,4.481761,39.512019,39.512019,9.461254
474,15.815816,far,2.696392,43.226410,43.226410,9.099555
475,15.849183,near,4.454728,39.670591,39.670591,9.461254
475,15.849183,far,2.238217,43.238970,43.238970,9.099555
476,15.882549,near,3.787439,39.745764,39.745764,9.461254
476,15.882549,far,1.845119,43.264089,43.264089,9.099555
477,15.915916,near,3.345038,39.779552,39.779552,9.461254
477,15.915916,far,1.404949,43.289206,43.289206,9.099555
478,15.949283,near,2.433309,39.817628,39.817628,9.461254
478,15.949283,far,2.061730,43.420694,43.420694,9.099555
479,15.982649,near,1.676313,39.847617,39.847617,9.461254
479,15.982649,far,2.332284,43.487501,43.487501,9.099555
480,16.016016,near,1.975903,39.907595,39.907595,9.461254
480,16.016016,far,1.639269,43.554593,43.554593,9.099555
481,16.049383,near,1.341035,39.939066,39.939066,9.461254
481,16.049383,far,1.576532,43.554593,43.554593,9.099555
482,16.082749,near,1.263866,39.998791,39.998791,9.461254
482,16.082749,far,1.802927,43.625036,43.625036,9.099555
483,16.116116,near,1.398866,40.059605,40.059605,9.461254
483,16.116116,far,2.010921,43.691793,43.691793,9.099555
484,16.149483,near,1.807922,40.179574,40.179574,9.461254
484,16.149483,far,1.681868,43.757404,43.757404,9.099555
485,16.182850,near,1.812177,40.210415,40.210415,9.461254
485,16.182850,far,1.348166,43.757404,43.757404,9.099555
486,16.216216,near,2.270990,40.362248,40.362248,9.461254
486,16.216216,far,1.365660,43.827998,43.827998,9.099555
487,16.249583,near,3.052376,40.550153,40.550153,9.461254
487,16.249583,far,1.428403,43.840559,43.840559,9.099555
488,16.282950,near,3.709186,40.741370,40.741370,9.461254
488,16.282950,far,1.430722,43.911467,43.911467,9.099555
489,16.316316,near,3.667434,40.793826,40.793826,9.461254
489,16.316316,far,1.285923,43.949235,43.949235,9.099555
490,16.349683,near,3.328839,40.846008,40.846008,9.461254
490,16.349683,far,1.337531,44.025178,44.025178,9.099555
491,16.383050,near,3.524256,40.915972,40.915972,9.461254
491,16.383050,far,1.674517,44.092643,44.092643,9.099555
492,16.416416,near,3.936269,41.150289,41.150289,9.461254
492,16.416416,far,1.674553,44.163244,44.163244,9.099555
493,16.449783,near,3.465972,41.244041,41.244041,9.461254
493,16.449783,far,1.948891,44.230727,44.230727,9.099555
494,16.483150,near,2.853891,41.312720,41.312720,9.461254
494,16.483150,far,1.594708,44.230727,44.230727,9.099555
495,16.516517,near,3.947275,41.584071,41.584071,9.461254
495,16.516517,far,2.069403,44.363530,44.363530,9.099555
496,16.549883,near,4.575367,41.761998,41.761998,9.461254
496,16.549883,far,2.017883,44.429159,44.429159,9.099555
497,16.583250,near,5.132198,41.943439,41.943439,9.461254
497,16.583250,far,2.013776,44.495802,44.495802,9.099555
498,16.616617,near,4.445442,42.040268,42.040268,9.461254
498,16.616617,far,2.317833,44.627274,44.627274,9.099555
499,16.649983,near,4.200916,42.085065,42.085065,9.461254
499,16.649983,far,2.308555,44.692901,44.692901,9.099555
500,16.683350,near,4.580662,42.229770,42.229770,9.461254
500,16.683350,far,2.371054,44.705413,44.705413,9.099555
501,16.716717,near,3.471002,42.278967,42.278967,9.461254
501,16.716717,far,2.375606,44.839127,44.839127,9.099555
502,16.750083,near,3.111614,42.384943,42.384943,9.461254
502,16.750083,far,2.173300,44.864254,44.864254,9.099555
503,16.783450,near,2.570296,42.458013,42.458013,9.461254
503,16.783450,far,1.903173,44.876817,44.876817,9.099555
504,16.816817,near,2.466212,42.534004,42.534004,9.461254
504,16.816817,far,1.906691,45.008994,45.008994,9.099555
505,16.850184,near,2.796904,42.645006,42.645006,9.461254
505,16.850184,far,1.910863,45.075456,45.075456,9.099555
506,16.883550,near,2.482281,42.726723,42.726723,9.461254
506,16.883550,far,2.174754,45.140799,45.140799,9.099555
507,16.916917,near,2.624391,42.804370,42.804370,9.461254
507,16.916917,far,1.506853,45.140799,45.140799,9.099555
508,16.950284,near,2.661804,42.917837,42.917837,9.461254
508,16.950284,far,1.381343,45.140799,45.140799,9.099555
509,16.983650,near,2.824002,43.023379,43.023379,9.461254
509,16.983650,far,1.652632,45.207674,45.207674,9.099555
510,17.017017,near,2.991778,43.132959,43.132959,9.461254
510,17.017017,far,1.327109,45.274682,45.274682,9.099555
511,17.050384,near,2.662401,43.178019,43.178019,9.461254
511,17.050384,far,1.331963,45.342115,45.342115,9.099555
512,17.083750,near,2.346191,43.196431,43.196431,9.461254
512,17.083750,far,1.005573,45.342115,45.342115,9.099555
513,17.117117,near,2.182959,43.241399,43.241399,9.461254
513,17.117117,far,1.068459,45.354705,45.354705,9.099555
514,17.150484,near,1.754372,43.269063,43.269063,9.461254
514,17.150484,far,1.068459,45.354705,45.354705,9.099555
515,17.183851,near,1.483608,43.320397,43.320397,9.461254
515,17.183851,far,1.090288,45.425950,45.425950,9.099555
516,17.217217,near,1.028535,43.338871,43.338871,9.461254
516,17.217217,far,1.087552,45.492410,45.492410,9.099555
517,17.250584,near,1.133686,43.404983,43.404983,9.461254
517,17.250584,far,0.876511,45.517593,45.517593,9.099555
518,17.283951,near,1.370333,43.470772,43.470772,9.461254
518,17.283951,far,1.255618,45.593490,45.593490,9.099555
519,17.317317,near,1.370196,43.515713,43.515713,9.461254
519,17.317317,far,1.543882,45.663790,45.663790,9.099555
520,17.350684,near,2.148096,43.699112,43.699112,9.461254
520,17.350684,far,1.669169,45.688873,45.688873,9.099555
521,17.384051,near,2.031036,43.727011,43.727011,9.461254
521,17.384051,far,1.729564,45.772209,45.772209,9.099555
522,17.417417,near,2.322923,43.803921,43.803921,9.461254
522,17.417417,far,1.748435,45.842447,45.842447,9.099555
523,17.450784,near,2.221390,43.849706,43.849706,9.461254
523,17.450784,far,1.747967,45.867536,45.867536,9.099555
524,17.484151,near,2.153532,43.901909,43.901909,9.461254
524,17.484151,far,1.556861,45.905174,45.905174,9.099555
525,17.517518,near,2.304480,43.977070,43.977070,9.461254
525,17.517518,far,1.581033,45.980313,45.980313,9.099555
526,17.550884,near,2.119590,44.123455,44.123455,9.461254
526,17.550884,far,1.518291,45.992835,45.992835,9.099555
