frame,time_s,role,track_id,x_px,y_px,court_x_m,court_y_m,bbox_x1,bbox_y1,bbox_x2,bbox_y2,confidence,source
0,0.000000,near,1,749.000,566.000,4.207098,10.124793,709.195,384.555,780.523,583.500,0.904297,detected
0,0.000000,far,2,626.000,405.000,2.771656,1.175703,594.898,281.000,667.086,418.715,0.900391,detected
1,0.033367,near,1,748.000,567.000,4.197523,10.160351,708.474,384.741,779.753,583.500,0.909180,detected
1,0.033367,far,2,626.000,405.000,2.771656,1.175703,595.224,281.000,667.507,418.901,0.904785,detected
2,0.066733,near,1,748.000,566.000,4.197845,10.124993,708.314,384.773,779.658,583.500,0.913086,detected
2,0.066733,far,2,626.000,406.000,2.774115,1.259405,595.412,281.000,667.781,419.101,0.907227,detected
3,0.100100,near,1,748.000,566.000,4.197845,10.124993,707.225,384.780,778.726,583.500,0.918945,detected
3,0.100100,far,2,626.000,406.000,2.774115,1.259405,595.933,281.000,668.375,419.324,0.907227,detected
4,0.133467,near,1,748.000,566.000,4.197845,10.124993,706.145,384.621,777.910,583.341,0.921875,detected
4,0.133467,far,2,626.000,406.000,2.774115,1.259405,595.834,281.079,668.181,419.310,0.906250,detected
5,0.166834,near,1,748.000,566.000,4.197845,10.124993,705.371,384.567,777.480,583.442,0.921875,detected
5,0.166834,far,2,626.000,406.000,2.774115,1.259405,595.806,281.106,668.082,419.298,0.907227,detected
6,0.200200,near,1,748.000,566.000,4.197845,10.124993,704.350,384.549,776.936,583.329,0.922363,detected
6,0.200200,far,2,626.000,406.000,2.774115,1.259405,595.808,281.114,668.020,419.289,0.905273,detected
7,0.233567,near,1,748.000,565.000,4.198167,10.089528,702.674,384.692,775.739,582.993,0.920898,detected
7,0.233567,far,2,626.000,406.000,2.774115,1.259405,595.822,281.042,667.974,419.208,0.905273,detected
8,0.266934,near,1,747.000,566.000,4.188591,10.125195,701.275,384.452,774.981,582.726,0.923340,detected
8,0.266934,far,2,626.000,406.000,2.774115,1.259405,595.663,281.015,667.821,419.249,0.904297,detected
9,0.300300,near,1,747.000,565.000,4.188900,10.089730,699.916,384.364,774.453,582.632,0.920410,detected
9,0.300300,far,2,626.000,406.000,2.774115,1.259405,595.531,281.004,667.543,419.190,0.902832,detected
10,0.333667,near,1,747.000,565.000,4.188900,10.089730,698.249,384.333,773.758,582.891,0.918945,detected
10,0.333667,far,2,626.000,406.000,2.774115,1.259405,595.517,281.073,667.402,419.239,0.898926,detected
11,0.367034,near,1,747.000,565.000,4.188900,10.089730,697.221,384.504,773.402,582.991,0.919434,detected
11,0.367034,far,2,626.000,406.000,2.774115,1.259405,595.405,281.027,667.169,419.400,0.898926,detected
12,0.400400,near,1,747.000,565.000,4.188900,10.089730,696.021,384.533,773.010,583.031,0.919922,detected
12,0.400400,far,2,626.000,405.000,2.771656,1.175703,595.604,281.009,667.128,419.244,0.900391,detected
13,0.433767,near,1,747.000,564.000,4.189209,10.054156,695.548,384.544,772.957,582.905,0.919434,detected
13,0.433767,far,2,626.000,405.000,2.771656,1.175703,595.890,281.002,667.191,419.184,0.901367,detected
14,0.467134,near,1,747.000,563.000,4.189520,10.018474,694.730,384.585,772.501,582.715,0.916504,detected
14,0.467134,far,2,626.000,406.000,2.774115,1.259405,596.213,281.000,667.285,419.161,0.901367,detected
15,0.500501,near,1,747.000,562.000,4.189832,9.982681,693.758,384.600,771.916,582.646,0.914062,detected
15,0.500501,far,2,626.000,405.000,2.771656,1.175703,596.395,281.000,667.259,419.152,0.901367,detected
16,0.533867,near,1,747.000,560.000,4.190458,9.910764,692.823,384.748,771.184,582.480,0.910156,detected
16,0.533867,far,2,626.000,405.000,2.771656,1.175703,596.727,281.000,667.554,419.148,0.901367,detected
17,0.567234,near,1,747.000,560.000,4.190458,9.910764,692.045,384.875,770.256,581.992,0.908691,detected
17,0.567234,far,2,626.000,406.000,2.774115,1.259405,597.183,281.000,667.900,419.147,0.905762,detected
18,0.600601,near,1,745.000,560.000,4.171780,9.911175,691.234,384.922,769.346,581.527,0.903809,detected
18,0.600601,far,2,627.000,406.000,2.786319,1.258873,597.381,281.000,667.997,419.146,0.906738,detected
19,0.633967,near,1,745.000,561.000,4.171495,9.947187,691.071,384.868,768.923,580.930,0.908203,detected
19,0.633967,far,2,627.000,406.000,2.786319,1.258873,597.724,281.000,668.326,419.146,0.907227,detected
20,0.667334,near,1,744.000,560.000,4.162442,9.911381,691.612,384.703,769.363,580.854,0.903809,detected
20,0.667334,far,2,627.000,405.000,2.783885,1.175169,597.813,281.000,668.482,419.146,0.906738,detected
21,0.700701,near,1,743.000,561.000,4.152848,9.947597,692.277,384.570,769.689,580.549,0.905273,detected
21,0.700701,far,2,627.000,405.000,2.783885,1.175169,598.147,281.000,668.798,419.145,0.906738,detected
22,0.734067,near,1,743.000,559.000,4.153360,9.875463,692.212,384.448,769.603,580.868,0.905273,detected
22,0.734067,far,2,626.000,405.000,2.771656,1.175703,598.264,281.070,668.916,419.074,0.907227,detected
23,0.767434,near,1,742.000,559.000,4.144008,9.875669,692.421,384.226,769.940,581.990,0.902832,detected
23,0.767434,far,2,626.000,405.000,2.771656,1.175703,598.252,281.026,669.005,419.118,0.906250,detected
24,0.800801,near,1,741.000,559.000,4.134655,9.875876,692.362,384.285,769.667,582.417,0.902344,detected
24,0.800801,far,2,626.000,406.000,2.774115,1.259405,598.429,281.009,669.129,419.135,0.904297,detected
25,0.834168,near,1,741.000,558.000,4.134884,9.839643,692.297,384.167,769.634,582.863,0.901367,detected
25,0.834168,far,2,626.000,405.000,2.771656,1.175703,598.346,281.003,669.031,419.142,0.904297,detected
26,0.867534,near,1,741.000,559.000,4.134655,9.875876,692.335,384.124,769.583,583.029,0.901367,detected
26,0.867534,far,2,626.000,405.000,2.771656,1.175703,598.600,281.001,669.266,419.144,0.903809,detected
27,0.900901,near,1,741.000,557.000,4.135113,9.803298,692.950,384.109,770.119,583.230,0.902832,detected
27,0.900901,far,2,626.000,405.000,2.771656,1.175703,598.981,281.000,669.629,419.145,0.901855,detected
28,0.934268,near,1,741.000,556.000,4.135344,9.766840,693.018,384.212,769.939,583.019,0.902832,detected
28,0.934268,far,2,626.000,405.000,2.771656,1.175703,599.490,281.000,670.101,419.145,0.900391,detected
29,0.967634,near,1,740.000,557.000,4.125732,9.803506,693.361,384.146,770.134,583.361,0.902832,detected
29,0.967634,far,2,626.000,405.000,2.771656,1.175703,599.604,281.000,670.202,419.145,0.900391,detected
30,1.001001,near,1,740.000,558.000,4.125518,9.839850,694.011,384.086,770.833,583.771,0.904297,detected
30,1.001001,far,2,626.000,405.000,2.771656,1.175703,599.684,281.000,670.189,419.145,0.901367,detected
31,1.034368,near,1,740.000,558.000,4.125518,9.839850,694.296,384.065,771.064,583.922,0.904297,detected
31,1.034368,far,2,627.000,405.000,2.783885,1.175169,599.935,281.000,670.517,419.145,0.901367,detected
32,1.067734,near,1,739.000,560.000,4.115753,9.912408,694.970,383.846,771.722,583.974,0.904785,detected
32,1.067734,far,2,626.000,405.000,2.771656,1.175703,599.840,281.000,670.392,419.145,0.901855,detected
33,1.101101,near,1,739.000,560.000,4.115753,9.912408,695.298,383.764,771.896,583.988,0.903320,detected
33,1.101101,far,2,626.000,406.000,2.774115,1.259405,600.019,281.000,670.543,419.287,0.900879,detected
34,1.134468,near,1,739.000,561.000,4.115555,9.948416,695.505,383.700,771.873,583.989,0.903320,detected
34,1.134468,far,2,626.000,406.000,2.774115,1.259405,600.107,281.000,670.568,419.340,0.901367,detected
35,1.167835,near,1,739.000,562.000,4.115357,9.984312,696.135,383.678,772.440,583.985,0.903809,detected
35,1.167835,far,2,626.000,406.000,2.774115,1.259405,600.158,281.000,670.547,419.360,0.899414,detected
36,1.201201,near,1,739.000,562.000,4.115357,9.984312,696.145,383.529,772.307,583.838,0.904785,detected
36,1.201201,far,2,626.000,406.000,2.774115,1.259405,600.631,281.071,670.785,419.295,0.900391,detected
37,1.234568,near,1,739.000,563.000,4.115160,10.020099,696.200,383.334,772.194,583.779,0.906250,detected
37,1.234568,far,2,626.000,406.000,2.774115,1.259405,600.777,281.026,670.756,419.341,0.897949,detected
38,1.267935,near,1,739.000,563.000,4.115160,10.020099,696.558,383.120,772.372,583.612,0.905762,detected
38,1.267935,far,2,626.000,404.000,2.769188,1.091662,601.494,281.010,671.207,419.358,0.895020,detected
39,1.301301,near,1,739.000,564.000,4.114963,10.055775,696.680,382.937,772.445,583.831,0.904785,detected
39,1.301301,far,2,626.000,405.000,2.771656,1.175703,601.864,281.074,671.267,419.293,0.896973,detected
40,1.334668,near,1,739.000,563.000,4.115160,10.020099,696.746,382.552,772.442,583.771,0.905273,detected
40,1.334668,far,2,626.000,405.000,2.771656,1.175703,602.726,281.098,671.830,419.197,0.899414,detected
41,1.368035,near,1,738.000,563.000,4.105866,10.020302,696.818,382.552,772.385,583.888,0.902832,detected
41,1.368035,far,2,626.000,405.000,2.771656,1.175703,602.807,281.036,671.561,419.161,0.897949,detected
42,1.401401,near,1,738.000,563.000,4.105866,10.020302,696.843,382.274,772.357,583.931,0.902832,detected
42,1.401401,far,2,627.000,405.000,2.783885,1.175169,603.451,281.013,671.964,419.147,0.894531,detected
43,1.434768,near,1,738.000,564.000,4.105684,10.055978,696.895,382.173,772.297,583.946,0.901367,detected
43,1.434768,far,2,626.000,404.000,2.769188,1.091662,604.938,281.004,673.127,419.284,0.886719,detected
44,1.468135,near,1,738.000,562.000,4.106049,9.984516,696.966,381.821,772.215,583.807,0.900879,detected
44,1.468135,far,2,626.000,404.000,2.769188,1.091662,605.903,281.000,673.851,419.407,0.886719,detected
45,1.501502,near,1,737.000,562.000,4.096741,9.984720,697.013,381.587,772.159,583.896,0.901367,detected
45,1.501502,far,2,627.000,404.000,2.781442,1.091125,606.894,281.141,674.462,419.240,0.885742,detected
46,1.534868,near,1,738.000,562.000,4.106049,9.984516,697.047,381.504,772.115,583.928,0.903809,detected
46,1.534868,far,2,627.000,404.000,2.781442,1.091125,608.149,281.123,675.484,419.177,0.879395,detected
47,1.568235,near,1,737.000,562.000,4.096741,9.984720,697.069,381.054,772.086,583.656,0.907715,detected
47,1.568235,far,2,628.000,404.000,2.793696,1.090589,609.459,281.116,676.133,419.224,0.872559,detected
48,1.601602,near,1,737.000,562.000,4.096741,9.984720,697.778,381.315,772.504,583.835,0.903320,detected
48,1.601602,far,2,629.000,405.000,2.808345,1.174101,610.804,281.042,676.620,419.171,0.869629,detected
49,1.634968,near,1,738.000,560.000,4.106416,9.912613,697.577,382.130,771.991,583.903,0.907715,detected
49,1.634968,far,2,629.000,404.000,2.805951,1.090052,612.258,281.014,677.516,419.293,0.871094,detected
50,1.668335,near,1,739.000,559.000,4.115952,9.876288,697.078,383.864,771.077,584.213,0.908203,detected
50,1.668335,far,2,630.000,404.000,2.818206,1.089516,612.938,281.003,677.676,419.197,0.855469,detected
51,1.701702,near,1,740.000,560.000,4.125090,9.912202,698.197,385.230,771.700,584.043,0.907227,detected
51,1.701702,far,2,632.000,404.000,2.842718,1.088442,612.635,281.000,676.539,419.019,0.857422,detected
52,1.735068,near,1,740.000,559.000,4.125304,9.876082,699.281,387.019,772.411,584.548,0.907227,detected
52,1.735068,far,2,633.000,404.000,2.854975,1.087905,613.318,281.000,676.401,418.881,0.868164,detected
53,1.768435,near,1,738.000,555.000,4.107344,9.730897,701.109,388.248,773.532,583.595,0.907715,detected
53,1.768435,far,2,636.000,404.000,2.891747,1.086295,614.000,281.000,676.313,418.830,0.872559,detected
54,1.801802,near,1,738.000,554.000,4.107532,9.694214,702.227,388.726,774.651,583.663,0.912598,detected
54,1.801802,far,2,639.000,402.000,2.924205,0.915507,615.016,281.000,676.763,418.954,0.878418,detected
55,1.835169,near,1,736.000,557.000,4.088211,9.804338,702.966,388.278,775.291,583.262,0.913086,detected
55,1.835169,far,2,640.000,402.000,2.936514,0.914965,616.141,281.000,677.291,418.647,0.886230,detected
56,1.868535,near,1,734.000,554.000,4.069837,9.695055,704.296,387.663,775.587,579.979,0.905762,detected
56,1.868535,far,2,641.000,402.000,2.948824,0.914423,617.209,281.000,677.946,418.461,0.878906,detected
57,1.901902,near,1,733.000,555.000,4.060299,9.731944,706.484,387.842,775.118,572.589,0.903809,detected
57,1.901902,far,2,643.000,403.000,2.975508,0.998111,619.220,281.000,679.812,418.607,0.843262,detected
58,1.935269,near,1,728.000,554.000,4.013301,9.696316,707.823,387.930,775.537,569.839,0.901367,detected
58,1.935269,far,2,644.000,403.000,2.987795,0.997571,620.254,281.000,680.478,418.664,0.884277,detected
59,1.968635,near,1,729.000,556.000,4.022613,9.769343,709.762,388.926,777.086,568.884,0.895020,detected
59,1.968635,far,2,646.000,402.000,3.010380,0.911713,621.872,281.000,682.144,419.681,0.878906,detected
60,2.002002,near,1,729.000,554.000,4.022723,9.696106,711.391,390.039,779.001,568.010,0.900391,detected
60,2.002002,far,2,647.000,401.000,3.020721,0.826043,623.027,281.000,682.597,418.648,0.880859,detected
61,2.035369,near,1,729.000,553.000,4.022779,9.659316,712.121,391.120,780.676,567.742,0.905273,detected
61,2.035369,far,2,649.000,404.000,3.051137,1.079316,624.693,281.000,684.461,419.035,0.885742,detected
62,2.068735,near,1,730.000,554.000,4.032146,9.695896,713.958,391.645,784.266,567.693,0.911621,detected
62,2.068735,far,2,649.000,399.000,3.041531,0.653639,626.574,281.000,686.538,418.968,0.888672,detected
63,2.102102,near,1,730.000,555.000,4.032075,9.732573,715.214,392.250,787.819,568.149,0.914551,detected
63,2.102102,far,2,648.000,405.000,3.040797,1.163950,627.258,281.000,687.418,419.227,0.884766,detected
64,2.135469,near,1,730.000,553.000,4.032216,9.659104,715.951,393.027,790.502,567.212,0.919434,detected
64,2.135469,far,2,647.000,402.000,3.022692,0.911171,627.037,281.000,687.159,419.182,0.874023,detected
65,2.168836,near,1,728.000,552.000,4.013383,9.622622,715.042,394.013,791.436,566.323,0.921875,detected
65,2.168836,far,2,648.000,404.000,3.038874,1.079852,627.569,281.000,687.504,419.164,0.871094,detected
66,2.202202,near,1,728.000,550.000,4.013465,9.548466,714.803,396.368,792.154,564.304,0.923340,detected
66,2.202202,far,2,648.000,403.000,3.036943,0.995413,628.161,281.000,687.603,418.660,0.862793,detected
67,2.235569,near,1,728.000,547.000,4.013590,9.436355,713.823,397.650,792.630,562.724,0.926758,detected
67,2.235569,far,2,649.000,402.000,3.047318,0.910087,628.412,281.000,687.548,418.540,0.862793,detected
68,2.268936,near,1,727.000,545.000,4.004118,9.361240,712.447,399.388,792.584,561.752,0.927246,detected
68,2.268936,far,2,648.000,397.000,3.025193,0.481467,628.847,281.000,687.130,417.076,0.860840,detected
69,2.302302,near,1,727.000,543.000,4.004172,9.285433,710.272,399.702,791.853,560.426,0.929199,detected
69,2.302302,far,2,648.000,401.000,3.033059,0.825498,629.199,281.000,687.866,418.095,0.870605,detected
70,2.335669,near,1,726.000,542.000,3.994598,9.247568,708.417,400.068,791.436,559.691,0.924316,detected
70,2.335669,far,2,647.000,404.000,3.026611,1.080390,629.449,281.709,688.549,419.828,0.870605,detected
71,2.369036,near,1,726.000,539.000,3.994633,9.132588,706.086,399.305,790.592,558.455,0.919434,detected
71,2.369036,far,2,645.000,401.000,2.996046,0.827132,630.582,283.463,689.422,419.918,0.882324,detected
72,2.402402,near,1,726.000,538.000,3.994645,9.094016,703.579,397.843,789.612,557.464,0.916016,detected
72,2.402402,far,2,644.000,404.000,2.989825,1.082000,632.979,287.620,691.585,420.802,0.886230,detected
73,2.435769,near,1,726.000,536.000,3.994669,9.016501,700.948,395.418,788.660,556.134,0.913574,detected
73,2.435769,far,2,645.000,405.000,3.004084,1.165553,634.711,291.036,693.950,422.923,0.896484,detected
74,2.469136,near,1,726.000,539.000,3.994633,9.132588,696.964,392.506,786.763,555.677,0.908203,detected
74,2.469136,far,2,646.000,406.000,3.018285,1.248770,634.902,293.202,694.639,423.626,0.858887,detected
75,2.502503,near,1,724.000,541.000,3.975378,9.209805,692.631,389.041,784.387,555.968,0.907715,detected
75,2.502503,far,2,646.000,408.000,3.022190,1.415261,634.379,294.041,694.839,424.373,0.843750,detected
76,2.535869,near,1,723.000,544.000,3.965864,9.324270,687.895,385.562,781.004,556.534,0.903320,detected
76,2.535869,far,2,646.000,410.000,3.026063,1.580415,632.793,292.239,694.527,425.062,0.863770,detected
77,2.569236,near,1,719.000,543.000,3.927493,9.287188,682.590,383.489,775.428,557.058,0.910645,detected
77,2.569236,far,2,644.000,408.000,2.997864,1.416315,632.356,291.324,694.919,425.444,0.879395,detected
78,2.602603,near,1,718.000,543.000,3.917909,9.287407,677.802,381.956,769.402,557.426,0.910645,detected
78,2.602603,far,2,645.000,407.000,3.008054,1.332713,631.854,289.885,695.218,425.570,0.884277,detected
79,2.635969,near,1,713.000,544.000,3.870180,9.326455,673.037,380.882,762.854,557.729,0.899414,detected
79,2.635969,far,2,641.000,408.000,2.961377,1.417895,631.387,289.038,695.007,424.893,0.868164,detected
80,2.669336,near,1,708.000,545.000,3.822608,9.365376,669.367,380.513,757.297,558.706,0.890625,detected
80,2.669336,far,2,638.000,403.000,2.914084,1.000808,630.650,288.348,695.026,425.325,0.866211,detected
81,2.702703,near,1,703.000,547.000,3.775527,9.441752,664.372,380.833,751.078,560.780,0.897461,detected
81,2.702703,far,2,639.000,407.000,2.934935,1.335889,629.145,288.504,694.400,427.031,0.881348,detected
82,2.736069,near,1,698.000,549.000,3.728748,9.517639,659.063,382.115,744.999,562.703,0.901367,detected
82,2.736069,far,2,638.000,409.000,2.927031,1.502199,628.678,289.122,694.603,429.074,0.881836,detected
83,2.769436,near,1,693.000,549.000,3.681310,9.518710,654.383,383.342,739.919,563.297,0.919434,detected
83,2.769436,far,2,637.000,411.000,2.919190,1.667171,626.476,291.184,692.752,431.312,0.867188,detected
84,2.802803,near,1,690.000,550.000,3.653375,9.556574,649.971,384.931,735.779,563.800,0.929199,detected
84,2.802803,far,2,636.000,414.000,2.913554,1.911899,624.103,293.517,690.746,434.753,0.837402,detected
85,2.836170,near,1,687.000,549.000,3.624393,9.519995,646.125,386.012,732.682,563.840,0.926270,detected
85,2.836170,far,2,637.000,416.000,2.929779,2.072584,622.576,295.514,687.241,433.770,0.807617,detected
86,2.869536,near,1,685.000,549.000,3.605423,9.520423,643.663,386.003,731.088,563.278,0.922363,detected
86,2.869536,far,2,638.000,418.000,2.945876,2.232004,618.953,297.036,683.408,438.689,0.839844,detected
87,2.902903,near,1,684.000,549.000,3.595938,9.520637,641.582,385.259,730.200,562.775,0.917969,detected
87,2.902903,far,2,639.000,422.000,2.965865,2.547605,618.222,299.197,681.272,442.241,0.841797,detected
88,2.936270,near,1,679.000,548.000,3.547829,9.484378,638.832,385.585,728.105,562.722,0.910645,detected
88,2.936270,far,2,643.000,427.000,3.022629,2.933904,619.275,302.880,679.754,444.396,0.826660,detected
89,2.969636,near,1,674.000,549.000,3.501105,9.522778,635.806,386.461,726.136,564.120,0.899902,detected
89,2.969636,far,2,643.000,432.000,3.031899,3.314714,621.077,308.152,678.284,445.721,0.827637,detected
90,3.003003,near,1,666.000,549.000,3.425257,9.524489,630.568,387.468,720.501,564.360,0.897949,detected
90,3.003003,far,2,641.000,431.000,3.006812,3.240087,622.835,313.601,676.874,446.149,0.842773,detected
91,3.036370,near,1,658.000,548.000,3.348422,9.488889,626.644,388.986,716.005,563.874,0.903809,detected
91,3.036370,far,2,642.000,434.000,3.024000,3.465464,625.178,319.672,675.887,445.081,0.793945,detected
92,3.069736,near,1,650.000,549.000,3.273608,9.527911,623.021,390.552,712.870,564.681,0.912598,detected
92,3.069736,far,2,643.000,436.000,3.039187,3.614132,625.192,325.831,672.781,444.907,0.806641,detected
93,3.103103,near,1,642.000,552.000,3.201507,9.640819,620.981,392.980,711.495,566.687,0.916016,detected
93,3.103103,far,2,646.000,434.000,3.070232,3.463595,625.916,329.404,671.727,444.939,0.825684,detected
94,3.136470,near,1,635.000,554.000,3.138158,9.715839,620.163,397.007,710.716,568.285,0.916016,detected
94,3.136470,far,2,643.000,432.000,3.031899,3.314714,626.795,333.125,671.367,445.940,0.845703,detected
95,3.169837,near,1,636.000,552.000,3.144934,9.642086,619.573,400.928,709.831,568.727,0.885254,detected
95,3.169837,far,2,645.000,430.000,3.051507,3.162321,627.719,333.602,671.848,445.677,0.779297,detected
96,3.203203,near,1,639.000,551.000,3.171946,9.604506,617.844,406.086,707.807,569.156,0.895508,detected
96,3.203203,far,2,652.000,441.000,3.150803,3.977966,628.502,334.095,672.767,447.005,0.801758,detected
97,3.236570,near,1,641.000,544.000,3.182018,9.342169,616.751,408.230,706.007,565.244,0.860352,detected
97,3.236570,far,2,651.000,435.000,3.129673,3.535986,629.323,331.511,673.740,445.805,0.791992,detected
98,3.269937,near,1,643.000,546.000,3.203594,9.417158,612.028,412.286,700.582,561.596,0.912598,detected
98,3.269937,far,2,652.000,441.000,3.150803,3.977966,629.025,330.181,673.709,445.333,0.813965,detected
99,3.303303,near,1,647.000,546.000,3.241672,9.416293,606.209,411.617,697.648,561.150,0.897461,detected
99,3.303303,far,2,652.000,429.000,3.131397,3.082809,629.023,327.470,674.018,442.635,0.778809,detected
100,3.336670,near,1,647.000,549.000,3.245182,9.528553,599.189,401.342,699.265,562.596,0.903809,detected
100,3.336670,far,2,653.000,429.000,3.143070,3.082331,628.064,324.968,674.380,441.251,0.831055,detected
101,3.370037,near,1,645.000,549.000,3.226232,9.528981,596.436,405.445,696.363,563.540,0.896973,detected
101,3.370037,far,2,655.000,427.000,3.163231,2.928115,627.701,322.013,675.234,439.738,0.819336,detected
102,3.403403,near,1,642.000,549.000,3.197809,9.529622,589.905,404.056,692.434,564.787,0.904785,detected
102,3.403403,far,2,656.000,423.000,3.168594,2.617505,628.332,318.333,676.490,434.639,0.770996,detected
103,3.436770,near,1,643.000,549.000,3.207283,9.529408,586.259,406.923,688.843,565.817,0.902344,detected
103,3.436770,far,2,657.000,429.000,3.189765,3.080418,626.963,313.785,677.436,433.927,0.878906,detected
104,3.470137,near,1,640.000,552.000,3.182648,9.641241,581.765,407.282,684.447,566.063,0.900391,detected
104,3.470137,far,2,658.000,431.000,3.204467,3.232033,631.256,309.375,685.487,432.558,0.882324,detected
105,3.503504,near,1,642.000,553.000,3.202732,9.677652,578.509,406.680,682.626,568.141,0.892090,detected
105,3.503504,far,2,651.000,425.000,3.112964,2.775608,630.974,305.892,687.965,430.520,0.713867,detected
106,3.536870,near,1,641.000,554.000,3.194553,9.714581,573.188,404.316,679.196,570.606,0.908691,detected
106,3.536870,far,2,652.000,425.000,3.124727,2.775121,629.033,301.013,688.587,427.030,0.836426,detected
107,3.570237,near,1,638.000,558.000,3.171434,9.860939,570.552,404.529,677.602,574.609,0.898926,detected
107,3.570237,far,2,650.000,425.000,3.101201,2.776095,626.518,298.147,688.860,427.488,0.844727,detected
108,3.603604,near,1,635.000,558.000,3.143412,9.861558,572.833,404.744,678.696,578.083,0.891113,detected
108,3.603604,far,2,650.000,427.000,3.104640,2.930527,622.524,294.317,689.176,432.026,0.786133,detected
109,3.636970,near,1,632.000,569.000,3.129979,10.253734,569.358,406.078,676.425,585.537,0.880371,detected
109,3.636970,far,2,650.000,424.000,3.099471,2.698426,619.925,291.660,689.809,436.038,0.848145,detected
110,3.670337,near,1,630.000,568.000,3.110279,10.219077,564.496,407.970,670.639,590.016,0.883789,detected
110,3.670337,far,2,649.000,422.000,3.084160,2.542669,618.138,289.719,689.023,436.610,0.851074,detected
111,3.703704,near,1,628.000,573.000,3.098653,10.393667,562.730,410.927,668.470,596.152,0.897949,detected
111,3.703704,far,2,647.000,424.000,3.064116,2.699894,616.212,288.549,687.293,436.288,0.881836,detected
112,3.737070,near,1,625.000,580.000,3.080864,10.633729,561.564,413.512,666.374,600.254,0.901367,detected
112,3.737070,far,2,646.000,423.000,3.050503,2.622419,615.442,288.867,686.082,435.954,0.884277,detected
113,3.770437,near,1,622.000,589.000,3.066172,10.934906,560.082,416.511,664.294,604.541,0.907715,detected
113,3.770437,far,2,648.000,419.000,3.066917,2.306491,614.984,289.347,685.230,435.406,0.887207,detected
114,3.803804,near,1,620.000,595.000,3.056593,11.131271,556.221,419.451,661.105,609.873,0.905762,detected
114,3.803804,far,2,648.000,419.000,3.066917,2.306491,614.974,290.441,684.758,434.426,0.888184,detected
115,3.837171,near,1,618.000,599.000,3.044447,11.260389,551.081,422.356,656.737,614.754,0.910645,detected
115,3.837171,far,2,647.000,420.000,3.056851,2.386190,614.563,294.174,683.877,435.188,0.869629,detected
116,3.870537,near,1,618.000,601.000,3.047182,11.324209,546.088,424.966,652.677,618.619,0.903809,detected
116,3.870537,far,2,647.000,422.000,3.060498,2.543656,613.522,296.210,683.315,436.695,0.803711,detected
117,3.903904,near,1,616.000,601.000,3.029673,11.324560,544.292,428.018,651.215,620.966,0.917480,detected
117,3.903904,far,2,645.000,420.000,3.033098,2.387186,613.892,297.848,683.505,435.770,0.882324,detected
118,3.937271,near,1,615.000,602.000,3.022318,11.356504,542.798,428.564,650.298,622.017,0.903809,detected
118,3.937271,far,2,644.000,421.000,3.023118,2.466566,614.239,297.989,684.546,435.417,0.878906,detected
119,3.970637,near,1,614.000,603.000,3.014984,11.388356,540.316,427.866,648.410,622.585,0.901367,detected
119,3.970637,far,2,643.000,421.000,3.011266,2.467061,614.514,298.051,685.948,436.141,0.874023,detected
120,4.004004,near,1,608.000,601.000,2.959645,11.325964,537.737,425.012,646.429,622.415,0.899902,detected
120,4.004004,far,2,641.000,419.000,2.983621,2.309994,615.055,297.939,686.476,434.286,0.872559,detected
121,4.037371,near,1,600.000,598.000,2.884836,11.231533,531.297,418.339,642.336,623.101,0.877930,detected
121,4.037371,far,2,639.000,416.000,2.953714,2.071569,615.448,297.904,687.208,433.010,0.891602,detected
122,4.070737,near,1,593.000,600.000,2.826698,11.296747,523.300,411.818,637.582,626.075,0.894531,detected
122,4.070737,far,2,637.000,414.000,2.925569,1.911387,616.597,298.184,688.194,431.399,0.872559,detected
123,4.104104,near,1,583.000,605.000,2.748083,11.456793,516.572,409.569,632.928,631.574,0.889160,detected
123,4.104104,far,2,636.000,413.000,2.911412,1.830821,616.354,298.008,688.086,429.806,0.890625,detected
124,4.137471,near,1,577.000,614.000,2.712440,11.737034,512.115,415.597,625.975,636.134,0.886230,detected
124,4.137471,far,2,635.000,409.000,2.890625,1.503772,616.169,296.442,687.553,426.366,0.875977,detected
125,4.170838,near,1,564.000,622.000,2.616460,11.981391,506.557,421.305,618.674,640.333,0.892090,detected
125,4.170838,far,2,635.000,410.000,2.892826,1.586156,614.716,293.422,687.006,424.965,0.854492,detected
126,4.204204,near,1,554.000,625.000,2.537733,12.072416,498.374,437.966,605.347,643.806,0.916016,detected
126,4.204204,far,2,635.000,410.000,2.892826,1.586156,612.524,290.826,685.613,424.620,0.866211,detected
127,4.237571,near,1,545.000,634.000,2.480698,12.337570,489.105,448.425,596.663,652.470,0.911133,detected
127,4.237571,far,2,634.000,408.000,2.876257,1.421583,610.163,288.739,683.659,424.240,0.878906,detected
128,4.270938,near,1,541.000,640.000,2.460006,12.510368,478.735,458.078,586.511,657.814,0.938965,detected
128,4.270938,far,2,633.000,406.000,2.859555,1.255683,607.884,287.625,680.930,423.777,0.884277,detected
129,4.304304,near,1,535.000,641.000,2.412539,12.539699,465.345,464.157,574.283,659.666,0.930664,detected
129,4.304304,far,2,632.000,404.000,2.842718,1.088442,606.021,286.956,678.236,422.714,0.882324,detected
130,4.337671,near,1,529.000,643.000,2.367423,12.597203,453.027,470.148,563.160,661.205,0.922852,detected
130,4.337671,far,2,630.000,404.000,2.818206,1.089516,603.592,286.529,675.588,422.343,0.894043,detected
131,4.371038,near,1,526.000,643.000,2.342716,12.597654,451.285,473.210,561.381,661.768,0.918457,detected
131,4.371038,far,2,629.000,400.000,2.796277,0.750415,600.669,286.403,671.557,419.540,0.882324,detected
132,4.404404,near,1,524.000,644.000,2.328512,12.626135,444.018,473.599,556.087,661.849,0.923828,detected
132,4.404404,far,2,627.000,403.000,2.778988,1.006740,597.151,286.824,668.528,419.513,0.909180,detected
133,4.437771,near,1,524.000,642.000,2.323976,12.569698,450.747,471.014,562.974,661.197,0.898926,detected
133,4.437771,far,2,625.000,404.000,2.756934,1.092199,593.268,286.794,665.513,418.896,0.907227,detected
134,4.471138,near,1,526.000,642.000,2.340468,12.569397,450.566,466.512,564.945,661.150,0.910645,detected
134,4.471138,far,2,623.000,405.000,2.734971,1.177305,591.185,289.517,663.988,418.770,0.902832,detected
135,4.504505,near,1,527.000,641.000,2.346470,12.540910,458.248,461.203,572.935,660.636,0.912109,detected
135,4.504505,far,2,622.000,406.000,2.725301,1.261531,589.053,291.790,662.332,418.330,0.905762,detected
136,4.537871,near,1,528.000,639.000,2.350245,12.483853,462.211,455.392,577.459,660.515,0.905273,detected
136,4.537871,far,2,622.000,407.000,2.727848,1.344884,588.283,293.721,662.417,418.344,0.901855,detected
137,4.571238,near,1,531.000,636.000,2.368419,12.397443,465.332,450.267,579.442,657.895,0.897949,detected
137,4.571238,far,2,620.000,407.000,2.703493,1.345942,587.390,291.767,664.635,418.449,0.902344,detected
138,4.604605,near,1,534.000,632.000,2.384526,12.281259,470.930,447.711,581.868,654.861,0.893066,detected
138,4.604605,far,2,618.000,406.000,2.676494,1.263656,585.924,290.902,665.538,418.862,0.895020,detected
139,4.637971,near,1,539.000,628.000,2.417632,12.163452,477.583,445.888,584.349,650.548,0.911133,detected
139,4.637971,far,2,613.000,408.000,2.621019,1.432639,582.999,286.812,666.079,418.967,0.910156,detected
140,4.671338,near,1,544.000,627.000,2.457549,12.133195,483.250,445.140,586.495,647.179,0.909180,detected
140,4.671338,far,2,608.000,406.000,2.554505,1.268969,581.088,284.300,666.604,418.809,0.902832,detected
141,4.704705,near,1,548.000,626.000,2.489148,12.103010,488.364,445.804,589.195,645.905,0.922363,detected
141,4.704705,far,2,602.000,406.000,2.481332,1.272156,579.442,282.301,668.090,420.308,0.915039,detected
142,4.738071,near,1,551.000,628.000,2.518560,12.161547,492.566,447.214,591.906,646.577,0.927246,detected
142,4.738071,far,2,598.000,408.000,2.438819,1.440532,578.230,281.704,669.314,422.569,0.914551,detected
143,4.771438,near,1,555.000,629.000,2.554208,12.190299,496.918,448.895,595.231,647.694,0.925781,detected
143,4.771438,far,2,596.000,412.000,2.427097,1.770081,577.058,282.203,670.564,425.401,0.917480,detected
144,4.804805,near,1,557.000,630.000,2.572980,12.219290,500.549,448.823,598.407,647.980,0.925293,detected
144,4.804805,far,2,594.000,412.000,2.403006,1.771114,575.439,282.985,670.881,428.095,0.910645,detected
145,4.838172,near,1,558.000,629.000,2.579412,12.189824,504.094,447.731,602.447,648.232,0.915039,detected
145,4.838172,far,2,594.000,414.000,2.409309,1.933392,574.134,285.339,670.346,430.656,0.900391,detected
146,4.871538,near,1,558.000,625.000,2.571525,12.071774,506.906,443.283,606.924,647.053,0.903809,detected
146,4.871538,far,2,593.000,415.000,2.400469,2.014557,572.628,287.110,668.959,431.759,0.849609,detected
147,4.904905,near,1,560.000,623.000,2.584493,12.011929,510.324,437.664,613.193,646.045,0.897461,detected
147,4.904905,far,2,592.000,416.000,2.391663,2.095398,570.564,288.855,666.315,432.150,0.900391,detected
148,4.938272,near,1,563.000,617.000,2.598207,11.830834,512.974,433.305,616.063,642.581,0.893066,detected
148,4.938272,far,2,592.000,417.000,2.394818,2.175412,568.430,290.937,662.764,432.055,0.893066,detected
149,4.971638,near,1,570.000,608.000,2.640862,11.552895,517.538,427.870,621.618,639.143,0.909668,detected
149,4.971638,far,2,592.000,417.000,2.394818,2.175412,567.343,291.862,660.363,431.703,0.903320,detected
150,5.005005,near,1,573.000,600.000,2.651500,11.300266,521.503,424.451,623.590,630.540,0.914062,detected
150,5.005005,far,2,593.000,415.000,2.400469,2.014557,566.541,293.335,657.103,430.692,0.903320,detected
151,5.038372,near,1,580.000,594.000,2.701611,11.106044,525.232,421.304,626.462,624.136,0.911133,detected
151,5.038372,far,2,593.000,412.000,2.390961,1.771630,565.439,294.303,653.065,428.857,0.886230,detected
152,5.071738,near,1,585.000,592.000,2.742147,11.040051,530.101,417.852,629.857,615.243,0.919434,detected
152,5.071738,far,2,593.000,411.000,2.387767,1.690006,565.149,294.212,649.254,425.284,0.872559,detected
153,5.105105,near,1,590.000,589.000,2.781150,10.940775,535.439,417.445,633.707,608.558,0.913574,detected
153,5.105105,far,2,595.000,412.000,2.415052,1.770598,565.009,294.298,646.846,423.951,0.872559,detected
154,5.138472,near,1,597.000,586.000,2.838393,10.840232,544.294,416.094,642.472,602.450,0.919434,detected
154,5.138472,far,2,596.000,408.000,2.414533,1.441584,562.694,293.881,643.449,425.056,0.856934,detected
155,5.171839,near,1,601.000,586.000,2.874173,10.839490,549.946,416.770,649.978,602.666,0.904297,detected
155,5.171839,far,2,594.000,413.000,2.406164,1.852415,560.249,293.785,639.899,427.185,0.844238,detected
156,5.205205,near,1,603.000,592.000,2.901718,11.036788,552.465,415.789,655.740,604.736,0.915527,detected
156,5.205205,far,2,595.000,408.000,2.402390,1.442110,559.681,292.959,638.051,428.416,0.859863,detected
157,5.238572,near,1,604.000,593.000,2.912165,11.069214,553.556,414.057,659.440,605.886,0.910645,detected
157,5.238572,far,2,596.000,408.000,2.414533,1.441584,560.345,292.000,637.172,428.810,0.842773,detected
158,5.271939,near,1,606.000,590.000,2.925200,10.970738,556.424,424.029,658.645,605.986,0.916016,detected
158,5.271939,far,2,597.000,413.000,2.442229,1.850873,561.312,290.499,637.387,429.517,0.860840,detected
159,5.305305,near,1,605.000,592.000,2.919453,11.036425,556.170,424.409,659.508,606.301,0.912598,detected
159,5.305305,far,2,599.000,413.000,2.466275,1.849846,563.342,289.297,638.444,429.356,0.860840,detected
160,5.338672,near,1,603.000,588.000,2.895301,10.905398,553.212,418.886,660.489,606.320,0.902832,detected
160,5.338672,far,2,600.000,411.000,2.472258,1.686375,567.008,289.125,638.597,424.281,0.862793,detected
161,5.372039,near,1,602.000,583.000,2.878187,10.739148,550.763,415.799,658.937,602.977,0.894531,detected
161,5.372039,far,2,602.000,413.000,2.502346,1.848304,570.078,289.788,639.687,421.456,0.867188,detected
162,5.405405,near,1,596.000,572.000,2.804916,10.365297,546.831,409.533,656.257,598.915,0.876953,detected
162,5.405405,far,2,604.000,411.000,2.520548,1.684300,573.711,289.827,641.963,418.341,0.869629,detected
163,5.438772,near,1,591.000,572.000,2.759252,10.366275,543.470,405.808,651.903,594.900,0.884277,detected
163,5.438772,far,2,608.000,409.000,2.563143,1.517919,577.115,289.991,644.810,416.134,0.875977,detected
164,5.472139,near,1,584.000,564.000,2.679500,10.087067,542.716,397.503,650.742,587.632,0.873047,detected
164,5.472139,far,2,610.000,409.000,2.587391,1.516872,579.149,289.696,646.810,414.708,0.860840,detected
165,5.505506,near,1,579.000,560.000,2.624944,9.945207,543.981,396.719,647.842,580.868,0.901367,detected
165,5.505506,far,2,611.000,407.000,2.593915,1.350702,581.415,290.022,648.879,414.439,0.856445,detected
166,5.538872,near,1,573.000,555.000,2.558149,9.765378,542.591,387.461,648.248,576.987,0.886719,detected
166,5.538872,far,2,611.000,403.000,2.582577,1.015364,583.006,289.860,650.574,414.811,0.799316,detected
167,5.572239,near,1,568.000,551.000,2.502084,9.619554,542.085,382.628,647.247,572.819,0.873047,detected
167,5.572239,far,2,615.000,401.000,2.626131,0.843464,586.406,290.445,652.911,414.842,0.824219,detected
168,5.605606,near,1,566.000,551.000,2.483232,9.619977,541.944,377.371,647.906,570.509,0.864258,detected
168,5.605606,far,2,616.000,403.000,2.643944,1.012669,588.738,291.096,654.377,415.316,0.848145,detected
169,5.638972,near,1,566.000,557.000,2.497203,9.839585,545.639,390.440,644.386,570.312,0.901367,detected
169,5.638972,far,2,621.000,411.000,2.725853,1.675479,590.632,290.981,659.246,423.664,0.865234,detected
170,5.672339,near,1,566.000,558.000,2.499506,9.875791,548.207,398.109,643.592,570.163,0.905762,detected
170,5.672339,far,2,623.000,410.000,2.747532,1.592416,594.067,290.799,662.982,426.315,0.876465,detected
171,5.705706,near,1,566.000,560.000,2.504091,9.947865,549.897,402.976,644.269,571.095,0.915039,detected
171,5.705706,far,2,624.000,411.000,2.762096,1.673921,596.061,290.306,664.800,427.477,0.873535,detected
172,5.739072,near,1,566.000,561.000,2.506373,9.983738,550.118,406.348,644.582,572.104,0.917969,detected
172,5.739072,far,2,624.000,412.000,2.764544,1.755620,597.818,289.694,666.629,428.320,0.872559,detected
173,5.772439,near,1,566.000,560.000,2.504091,9.947865,550.960,407.286,646.509,571.683,0.920410,detected
173,5.772439,far,2,625.000,409.000,2.769300,1.509013,599.442,287.917,667.941,426.934,0.871094,detected
174,5.805806,near,1,569.000,559.000,2.529730,9.911268,550.196,406.024,648.253,572.175,0.920410,detected
174,5.805806,far,2,626.000,411.000,2.786260,1.672883,600.207,285.622,669.860,427.852,0.878906,detected
175,5.839173,near,1,566.000,556.000,2.494892,9.803267,551.344,407.265,649.719,570.403,0.911133,detected
175,5.839173,far,2,626.000,407.000,2.776563,1.342768,600.624,282.805,670.922,427.696,0.887695,detected
176,5.872539,near,1,563.000,555.000,2.464475,9.767463,550.886,408.873,649.376,569.222,0.911621,detected
176,5.872539,far,2,627.000,410.000,2.795957,1.590329,600.873,281.598,671.687,428.803,0.884766,detected
177,5.905906,near,1,562.000,552.000,2.447939,9.657707,547.800,411.040,644.602,566.966,0.909668,detected
177,5.905906,far,2,629.000,407.000,2.813104,1.341181,602.179,281.227,672.338,428.444,0.885742,detected
178,5.939273,near,1,562.000,552.000,2.447939,9.657707,543.453,414.284,637.292,565.323,0.913086,detected
178,5.939273,far,2,631.000,405.000,2.832807,1.173033,603.544,281.044,672.738,427.370,0.893555,detected
179,5.972639,near,1,562.000,549.000,2.440700,9.546710,540.201,418.208,630.460,563.621,0.919434,detected
179,5.972639,far,2,634.000,406.000,2.871763,1.255152,604.460,281.777,672.387,426.448,0.884766,detected
180,6.006006,near,1,561.000,548.000,2.428804,9.509692,537.222,422.663,622.808,561.018,0.884277,detected
180,6.006006,far,2,637.000,407.000,2.910566,1.336948,605.856,283.003,672.658,426.227,0.870117,detected
181,6.039373,near,1,560.000,545.000,2.411917,9.397512,533.709,426.124,614.630,558.379,0.907227,detected
181,6.039373,far,2,638.000,410.000,2.929158,1.584590,606.983,285.615,672.776,426.847,0.881348,detected
182,6.072739,near,1,563.000,538.000,2.423187,9.130407,531.198,428.456,608.415,556.925,0.882324,detected
182,6.072739,far,2,639.000,412.000,2.945451,1.747868,606.607,288.394,671.957,427.432,0.886230,detected
183,6.106106,near,1,563.000,531.000,2.405527,8.857935,529.630,428.754,602.963,553.677,0.883301,detected
183,6.106106,far,2,639.000,412.000,2.945451,1.747868,605.403,291.866,670.191,428.286,0.871094,detected
184,6.139473,near,1,560.000,529.000,2.371131,8.779645,525.946,426.704,598.765,552.596,0.872559,detected
184,6.139473,far,2,640.000,411.000,2.955453,1.665613,602.334,292.289,666.908,427.878,0.821777,detected
185,6.172840,near,1,559.000,522.000,2.342746,8.499389,522.917,423.311,596.267,551.109,0.853027,detected
185,6.172840,far,2,638.000,408.000,2.924895,1.419476,602.695,291.849,666.868,427.859,0.800293,detected
186,6.206206,near,1,559.000,522.000,2.342746,8.499389,518.871,419.584,592.453,547.463,0.833496,detected
186,6.206206,far,2,635.000,406.000,2.883970,1.254620,598.727,290.595,663.102,425.635,0.883301,detected
187,6.239573,near,1,557.000,522.000,2.323007,8.499864,515.825,414.716,591.093,545.319,0.750000,detected
187,6.239573,far,2,633.000,408.000,2.864099,1.422109,595.852,289.816,661.335,425.577,0.887695,detected
188,6.272940,near,1,560.000,520.000,2.347248,8.417827,513.175,408.367,591.168,543.596,0.871582,detected
188,6.272940,far,2,631.000,407.000,2.837467,1.340122,593.905,289.231,660.148,424.206,0.890137,detected
189,6.306306,near,1,563.000,521.000,2.379596,8.457841,513.276,402.207,593.657,542.025,0.879395,detected
189,6.306306,far,2,631.000,405.000,2.832807,1.173033,593.319,288.646,659.309,421.482,0.875488,detected
190,6.339673,near,1,565.000,522.000,2.401970,8.497965,516.004,397.660,597.416,539.672,0.891602,detected
190,6.339673,far,2,631.000,400.000,2.820988,0.749321,591.441,285.342,657.837,417.387,0.883789,detected
191,6.373040,near,1,566.000,520.000,2.406667,8.416390,518.449,391.622,601.578,537.577,0.899414,detected
191,6.373040,far,2,634.000,399.000,2.855741,0.661886,591.961,282.400,658.410,414.458,0.762207,detected
192,6.406406,near,1,568.000,525.000,2.439187,8.618270,520.494,387.049,606.057,539.075,0.906738,detected
192,6.406406,far,2,635.000,396.000,2.861193,0.401822,590.218,281.319,657.190,413.544,0.891602,detected
193,6.439773,near,1,567.000,525.000,2.429363,8.618505,522.457,382.458,609.426,539.287,0.903809,detected
193,6.439773,far,2,634.000,392.000,2.839253,0.051329,589.045,281.000,655.020,410.610,0.837402,detected
194,6.473140,near,1,567.000,526.000,2.431896,8.658580,523.246,378.786,611.318,540.118,0.900879,detected
194,6.473140,far,2,634.000,392.000,2.839253,0.051329,588.367,281.000,653.926,409.697,0.850586,detected
195,6.506507,near,1,566.000,528.000,2.427163,8.738573,523.998,375.896,612.465,540.766,0.909180,detected
195,6.506507,far,2,634.000,386.000,2.824733,0.000000,588.259,281.000,653.437,409.264,0.819824,detected
196,6.539873,near,1,565.000,528.000,2.417387,8.738805,523.960,373.381,612.429,541.339,0.898926,detected
196,6.539873,far,2,633.000,387.000,2.814484,0.000000,587.385,281.000,651.578,407.865,0.847168,detected
197,6.573240,near,1,564.000,527.000,2.405047,8.699224,523.557,371.116,611.703,541.320,0.895020,detected
197,6.573240,far,2,633.000,386.000,2.812011,0.000000,586.238,281.000,649.758,406.889,0.874023,detected
198,6.606607,near,1,564.000,528.000,2.407611,8.739038,523.333,369.121,610.943,541.067,0.897461,detected
198,6.606607,far,2,632.000,382.000,2.789189,0.000000,585.099,281.000,647.853,405.641,0.869629,detected
199,6.639973,near,1,563.000,529.000,2.400408,8.778953,523.201,367.404,610.987,542.811,0.899414,detected
199,6.639973,far,2,629.000,383.000,2.753328,0.000000,583.752,281.000,646.132,405.798,0.879883,detected
200,6.673340,near,1,563.000,531.000,2.405527,8.857935,521.949,366.726,610.271,546.146,0.905762,detected
200,6.673340,far,2,627.000,390.000,2.746157,0.000000,582.995,281.000,644.678,405.112,0.858398,detected
201,6.706707,near,1,562.000,534.000,2.403463,8.975685,520.712,367.069,609.651,550.783,0.901367,detected
201,6.706707,far,2,624.000,385.000,2.694816,0.000000,581.201,281.000,642.010,404.324,0.818359,detected
202,6.740073,near,1,562.000,534.000,2.403463,8.975685,519.698,367.733,608.854,555.080,0.903809,detected
202,6.740073,far,2,621.000,377.000,2.633717,0.000000,580.006,281.079,639.618,402.495,0.778809,detected
203,6.773440,near,1,561.000,539.000,2.406469,9.169280,517.986,369.766,607.110,559.654,0.902832,detected
203,6.773440,far,2,617.000,380.000,2.590876,0.000000,579.226,281.000,638.010,400.919,0.669922,detected
204,6.806807,near,1,560.000,539.000,2.396866,9.169501,516.624,371.598,605.488,563.493,0.897949,detected
204,6.806807,far,2,615.000,381.000,2.568153,0.000000,578.808,286.314,635.343,400.234,0.720215,detected
205,6.840174,near,1,560.000,545.000,2.411917,9.397512,516.432,375.392,604.563,567.868,0.894531,detected
205,6.840174,far,2,613.000,380.000,2.539374,0.000000,576.688,286.501,634.106,400.624,0.670410,detected
206,6.873540,near,1,560.000,554.000,2.433966,9.731549,514.901,378.023,602.350,571.048,0.897461,detected
206,6.873540,far,2,616.000,381.000,2.581001,0.000000,574.632,286.700,632.730,400.358,0.721680,detected
207,6.906907,near,1,560.000,556.000,2.438783,9.804513,512.763,381.021,598.890,573.332,0.903320,detected
207,6.906907,far,2,610.000,383.000,2.510210,0.000000,570.862,285.966,630.733,400.510,0.805176,detected
208,6.940274,near,1,562.000,557.000,2.459853,9.840412,510.475,383.453,595.146,574.703,0.903809,detected
208,6.940274,far,2,610.000,381.000,2.503919,0.000000,568.102,285.466,629.173,399.952,0.823242,detected
209,6.973640,near,1,562.000,560.000,2.466913,9.948684,508.961,384.805,592.457,575.157,0.907715,detected
209,6.973640,far,2,606.000,379.000,2.445976,0.000000,565.336,283.124,627.300,396.482,0.880371,detected
210,7.007007,near,1,563.000,562.000,2.480850,10.020107,508.422,385.594,591.205,575.546,0.913086,detected
210,7.007007,far,2,606.000,374.000,2.429317,0.000000,566.336,281.667,629.003,394.495,0.840332,detected
211,7.040374,near,1,563.000,561.000,2.478532,9.984348,508.699,385.138,591.193,575.208,0.914062,detected
211,7.040374,far,2,606.000,374.000,2.429317,0.000000,565.826,281.131,628.351,391.613,0.813477,detected
212,7.073740,near,1,563.000,563.000,2.483160,10.055757,508.978,384.811,591.668,576.017,0.917480,detected
212,7.073740,far,2,606.000,369.000,2.412294,0.000000,567.705,281.000,627.887,385.290,0.799316,detected
213,7.107107,near,1,563.000,561.000,2.478532,9.984348,509.445,384.290,592.408,576.559,0.914062,detected
213,7.107107,far,,601.000,368.000,2.342807,0.000000,,,,,0.000000,tracked
214,7.140474,near,1,562.000,560.000,2.466913,9.948684,510.566,384.366,594.354,578.272,0.914062,detected
214,7.140474,far,,594.000,367.000,2.246564,0.000000,,,,,0.000000,tracked
215,7.173841,near,1,562.000,560.000,2.466913,9.948684,512.340,385.695,596.617,579.868,0.913086,detected
215,7.173841,far,,594.000,367.000,2.246564,0.000000,,,,,0.000000,tracked
216,7.207207,near,1,562.000,562.000,2.471584,10.020310,514.240,387.574,599.119,581.559,0.916016,detected
216,7.207207,far,,594.000,367.000,2.246564,0.000000,,,,,0.000000,tracked
217,7.240574,near,1,563.000,563.000,2.483160,10.055757,515.956,390.400,601.639,584.133,0.919434,detected
217,7.240574,far,,591.000,367.000,2.206871,0.000000,,,,,0.000000,tracked
218,7.273941,near,1,564.000,568.000,2.503788,10.232177,515.750,392.870,602.878,589.023,0.917480,detected
218,7.273941,far,,591.000,367.000,2.206871,0.000000,,,,,0.000000,tracked
219,7.307307,near,1,561.000,571.000,2.483114,10.337454,516.596,396.032,603.251,590.536,0.905762,detected
219,7.307307,far,,588.000,367.000,2.167183,0.000000,,,,,0.000000,tracked
220,7.340674,near,1,561.000,577.000,2.496665,10.543988,517.553,398.198,604.438,593.022,0.912598,detected
220,7.340674,far,,588.000,367.000,2.167183,0.000000,,,,,0.000000,tracked
221,7.374041,near,1,561.000,577.000,2.496665,10.543988,519.049,399.822,605.708,593.611,0.916504,detected
221,7.374041,far,,587.000,367.000,2.153954,0.000000,,,,,0.000000,tracked
222,7.407407,near,1,562.000,572.000,2.494515,10.371942,520.612,401.099,606.865,592.909,0.918945,detected
222,7.407407,far,,587.000,367.000,2.153954,0.000000,,,,,0.000000,tracked
223,7.440774,near,1,563.000,571.000,2.501392,10.337062,522.628,403.523,608.398,592.432,0.922363,detected
223,7.440774,far,,,,,,,,,,0.000000,missing
224,7.474141,near,1,566.000,565.000,2.515431,10.126126,524.722,405.667,609.016,587.618,0.919922,detected
224,7.474141,far,,,,,,,,,,0.000000,missing
225,7.507508,near,1,570.000,567.000,2.556704,10.195873,528.074,409.441,613.842,587.053,0.908203,detected
225,7.507508,far,,,,,,,,,,0.000000,missing
226,7.540874,near,1,576.000,568.000,2.613982,10.229796,532.274,413.076,621.534,587.114,0.923340,detected
226,7.540874,far,,,,,,,,,,0.000000,missing
227,7.574241,near,1,578.000,571.000,2.638511,10.334120,533.769,417.883,628.065,590.012,0.932129,detected
227,7.574241,far,,,,,,,,,,0.000000,missing
228,7.607608,near,1,582.000,572.000,2.677071,10.368034,533.837,423.103,632.824,592.214,0.934082,detected
228,7.607608,far,,,,,,,,,,0.000000,missing
229,7.640974,near,1,581.000,578.000,2.679812,10.574230,532.800,429.127,635.181,593.432,0.933594,detected
229,7.640974,far,,,,,,,,,,0.000000,missing
230,7.674341,near,1,584.000,581.000,2.712691,10.675280,531.449,436.024,636.246,594.277,0.932129,detected
230,7.674341,far,,,,,,,,,,0.000000,missing
231,7.707708,near,1,582.000,581.000,2.694675,10.675657,530.484,443.081,636.346,593.665,0.930176,detected
231,7.707708,far,,,,,,,,,,0.000000,missing
232,7.741074,near,1,581.000,581.000,2.685667,10.675846,528.285,446.788,636.889,593.547,0.926758,detected
232,7.741074,far,,,,,,,,,,0.000000,missing
233,7.774441,near,1,581.000,581.000,2.685667,10.675846,526.394,448.537,638.679,593.479,0.924316,detected
233,7.774441,far,,,,,,,,,,0.000000,missing
234,7.807808,near,1,581.000,578.000,2.679812,10.574230,524.802,449.014,641.321,593.724,0.922852,detected
234,7.807808,far,,,,,,,,,,0.000000,missing
235,7.841175,near,1,583.000,578.000,2.697908,10.573848,523.308,448.763,644.288,593.794,0.922363,detected
235,7.841175,far,,,,,,,,,,0.000000,missing
236,7.874541,near,1,585.000,578.000,2.716005,10.573465,522.422,447.900,647.954,593.946,0.926270,detected
236,7.874541,far,,,,,,,,,,0.000000,missing
237,7.907908,near,1,587.000,578.000,2.734103,10.573084,522.427,446.117,652.929,593.843,0.927246,detected
237,7.907908,far,,,,,,,,,,0.000000,missing
238,7.941275,near,1,592.000,581.000,2.784763,10.673768,522.344,443.875,657.648,593.934,0.911621,detected
238,7.941275,far,,,,,,,,,,0.000000,missing
239,7.974641,near,1,592.000,580.000,2.782965,10.639990,525.900,441.128,667.389,594.524,0.913574,detected
239,7.974641,far,,,,,,,,,,0.000000,missing
240,8.008008,near,1,597.000,578.000,2.824608,10.571173,527.184,437.016,673.560,593.607,0.920410,detected
240,8.008008,far,,,,,,,,,,0.000000,missing
241,8.041375,near,1,598.000,580.000,2.837110,10.638851,527.050,434.862,676.958,594.373,0.916504,detected
241,8.041375,far,,,,,,,,,,0.000000,missing
242,8.074741,near,1,601.000,580.000,2.864186,10.638283,527.767,432.835,679.869,594.939,0.924316,detected
242,8.074741,far,,,,,,,,,,0.000000,missing
243,8.108108,near,1,603.000,580.000,2.882237,10.637903,529.308,429.182,683.782,595.006,0.922852,detected
243,8.108108,far,,,,,,,,,,0.000000,missing
244,8.141475,near,1,607.000,577.000,2.913525,10.535168,532.527,425.557,687.266,593.624,0.918457,detected
244,8.141475,far,8,568.000,369.000,1.911811,0.000000,530.186,281.012,592.445,382.111,0.838867,detected
245,8.174842,near,1,611.000,577.000,2.949797,10.534400,537.532,422.919,691.130,592.383,0.921875,detected
245,8.174842,far,8,567.000,371.000,1.907733,0.000000,530.542,281.003,595.249,385.113,0.811035,detected
246,8.208208,near,1,616.000,580.000,2.999594,10.635437,543.397,422.288,695.800,593.586,0.929199,detected
246,8.208208,far,8,566.000,372.000,1.899169,0.000000,530.353,281.244,596.573,388.467,0.833496,detected
247,8.241575,near,1,619.000,583.000,3.030973,10.735959,548.459,422.291,699.919,596.009,0.923828,detected
247,8.241575,far,8,561.000,374.000,1.843103,0.000000,528.850,281.233,595.933,390.701,0.824219,detected
248,8.274942,near,1,623.000,584.000,3.068301,10.768708,552.584,421.064,703.880,598.751,0.921875,detected
248,8.274942,far,8,557.000,376.000,1.800488,0.000000,531.165,281.089,599.654,391.940,0.873047,detected
249,8.308308,near,1,626.000,586.000,3.097878,10.834852,555.127,421.319,705.360,601.602,0.920410,detected
249,8.308308,far,8,555.000,374.000,1.765015,0.000000,530.974,281.032,601.001,393.903,0.871582,detected
250,8.341675,near,1,626.000,589.000,3.101816,10.934172,556.068,422.567,704.078,603.520,0.922852,detected
250,8.341675,far,8,557.000,375.000,1.795775,0.000000,534.904,281.010,604.679,394.544,0.818848,detected
251,8.375042,near,1,625.000,589.000,3.092905,10.934356,557.510,424.200,702.561,604.790,0.918945,detected
251,8.375042,far,8,570.000,381.000,1.990464,0.000000,542.437,281.142,611.754,396.066,0.792480,detected
252,8.408408,near,1,626.000,592.000,3.105720,11.032616,559.680,425.410,701.572,605.242,0.916992,detected
252,8.408408,far,8,572.000,379.000,2.007693,0.000000,547.030,281.053,615.463,396.185,0.788574,detected
253,8.441775,near,1,630.000,592.000,3.141210,11.031890,561.869,426.308,701.068,605.802,0.919434,detected
253,8.441775,far,8,571.000,380.000,1.999060,0.000000,552.983,281.018,621.258,397.861,0.807617,detected
254,8.475142,near,1,630.000,591.000,3.139965,10.999169,564.695,425.736,701.830,606.123,0.916016,detected
254,8.475142,far,8,574.000,376.000,2.020851,0.000000,559.563,281.005,627.126,396.084,0.843262,detected
255,8.508509,near,1,635.000,590.000,3.183215,10.965438,570.187,424.818,704.326,605.650,0.918457,detected
255,8.508509,far,8,576.000,376.000,2.046785,0.000000,563.861,281.424,631.381,395.478,0.881836,detected
256,8.541875,near,1,640.000,589.000,3.226598,10.931602,577.034,424.403,707.285,605.299,0.910645,detected
256,8.541875,far,8,582.000,376.000,2.124598,0.000000,567.553,281.158,636.937,397.336,0.893066,detected
257,8.575242,near,1,644.000,591.000,3.264393,10.996618,583.630,424.254,709.759,605.141,0.915039,detected
257,8.575242,far,8,591.000,377.000,2.245099,0.000000,573.125,281.197,643.082,396.466,0.904785,detected
258,8.608609,near,1,647.000,592.000,3.292085,11.028804,586.448,423.216,710.188,605.768,0.916504,detected
258,8.608609,far,8,603.000,383.000,2.420682,0.000000,578.615,281.707,650.882,399.415,0.881348,detected
259,8.641975,near,1,649.000,591.000,3.308841,10.995708,588.912,420.505,710.458,604.295,0.907227,detected
259,8.641975,far,8,616.000,389.000,2.604560,0.000000,584.000,281.969,658.703,402.114,0.882324,detected
260,8.675342,near,1,650.000,590.000,3.316745,10.962694,591.830,418.992,711.773,603.717,0.917480,detected
260,8.675342,far,8,624.000,395.000,2.721549,0.320764,590.715,285.074,668.257,407.661,0.823242,detected
261,8.708709,near,1,652.000,590.000,3.334553,10.962328,594.537,417.309,713.315,603.205,0.921875,detected
261,8.708709,far,8,635.000,396.000,2.861193,0.401822,596.634,289.268,676.408,409.963,0.902832,detected
262,8.742075,near,1,652.000,589.000,3.333589,10.929399,596.693,415.566,714.712,603.003,0.916992,detected
262,8.742075,far,8,643.000,397.000,2.963000,0.484243,602.604,293.215,685.667,411.277,0.904297,detected
263,8.775442,near,1,650.000,586.000,3.312768,10.830398,597.991,413.382,716.002,602.500,0.926758,detected
263,8.775442,far,8,649.000,399.000,3.041531,0.653639,606.844,291.901,695.342,410.779,0.899902,detected
264,8.808809,near,1,651.000,583.000,3.318750,10.729953,599.349,411.597,717.010,601.883,0.926758,detected
264,8.808809,far,8,651.000,398.000,3.064417,0.566348,614.140,302.194,702.104,413.091,0.790039,detected
265,8.842176,near,1,653.000,582.000,3.335773,10.695956,602.971,409.828,719.339,599.957,0.915039,detected
265,8.842176,far,8,665.000,409.000,3.254849,1.488037,623.370,311.077,715.106,419.865,0.880371,detected
266,8.875542,near,1,657.000,580.000,3.369975,10.627653,605.022,408.984,720.522,599.224,0.912109,detected
266,8.875542,far,8,679.000,420.000,3.437124,2.370239,630.886,321.128,721.425,423.109,0.690918,detected
267,8.908909,near,1,665.000,573.000,3.436520,10.386453,608.182,407.223,722.243,596.128,0.903320,detected
267,8.908909,far,8,682.000,412.000,3.464564,1.725622,654.987,328.104,750.061,425.005,0.874512,detected
268,8.942276,near,1,670.000,573.000,3.482203,10.385477,611.854,407.451,723.231,592.554,0.909668,detected
268,8.942276,far,8,686.000,412.000,3.512892,1.723551,665.145,339.814,757.542,425.359,0.863281,detected
269,8.975642,near,1,679.000,575.000,3.565721,10.452738,616.716,410.590,724.373,589.512,0.911621,detected
269,8.975642,far,8,691.000,414.000,3.574961,1.883707,668.676,343.601,764.585,426.546,0.897461,detected
270,9.009009,near,1,687.000,576.000,3.639147,10.485547,621.710,412.102,728.925,589.280,0.916504,detected
270,9.009009,far,8,697.000,413.000,3.646510,1.799404,669.976,343.295,769.319,425.913,0.868652,detected
271,9.042376,near,1,691.000,578.000,3.676484,10.553188,627.310,416.834,733.980,590.525,0.903809,detected
271,9.042376,far,8,699.000,409.000,3.668089,1.470184,671.103,343.838,771.500,425.854,0.890625,detected
272,9.075742,near,1,697.000,578.000,3.730928,10.552039,639.647,423.654,743.974,592.330,0.833496,detected
272,9.075742,far,8,704.000,407.000,3.727857,1.301448,667.685,333.213,779.588,426.065,0.897461,detected
273,9.109109,near,1,697.000,579.000,3.731313,10.586096,641.866,429.211,744.549,591.149,0.899902,detected
273,9.109109,far,8,711.000,409.000,3.814054,1.463878,672.984,328.918,785.976,425.043,0.878418,detected
274,9.142476,near,1,698.000,579.000,3.740374,10.585905,642.717,433.687,744.942,591.176,0.899414,detected
274,9.142476,far,8,717.000,406.000,3.886450,1.210958,682.025,331.306,788.830,424.363,0.818848,detected
275,9.175843,near,1,700.000,579.000,3.758497,10.585524,643.284,436.769,745.853,591.645,0.898438,detected
275,9.175843,far,,715.000,407.000,3.862219,1.295612,,,,,0.000000,tracked
276,9.209209,near,1,699.000,582.000,3.750500,10.687280,643.666,438.243,747.940,593.288,0.903320,detected
276,9.209209,far,8,732.000,412.000,4.069140,1.699713,687.473,326.831,797.971,426.494,0.818848,detected
277,9.242576,near,1,700.000,583.000,3.759861,10.720745,648.922,437.407,753.772,593.319,0.905273,detected
277,9.242576,far,8,738.000,409.000,4.142694,1.449680,688.112,322.421,799.395,425.859,0.861328,detected
278,9.275943,near,1,702.000,582.000,3.777564,10.686713,648.849,434.871,755.438,592.760,0.921875,detected
278,9.275943,far,8,744.000,407.000,4.216691,1.280215,685.724,316.663,799.573,425.397,0.880371,detected
279,9.309309,near,1,704.000,583.000,3.795894,10.719993,649.699,433.231,757.820,593.411,0.921387,detected
279,9.309309,far,8,747.000,408.000,4.252843,1.361951,684.927,313.419,800.914,426.230,0.914062,detected
280,9.342676,near,1,708.000,581.000,3.831466,10.651821,649.795,430.232,760.443,594.512,0.922363,detected
280,9.342676,far,8,756.000,412.000,4.359704,1.687261,685.810,309.489,805.444,427.706,0.870117,detected
281,9.376043,near,1,716.000,578.000,3.903391,10.548398,650.185,427.460,762.035,593.800,0.919922,detected
281,9.376043,far,8,757.000,412.000,4.371816,1.686743,686.534,306.271,807.707,427.444,0.878906,detected
282,9.409409,near,1,721.000,580.000,3.948905,10.615486,649.386,426.104,763.964,597.192,0.916016,detected
282,9.409409,far,8,759.000,415.000,4.393599,1.929829,688.249,305.592,810.186,428.620,0.905273,detected
283,9.442776,near,1,727.000,587.000,4.003061,10.849360,649.139,426.291,766.182,601.975,0.913574,detected
283,9.442776,far,8,763.000,414.000,4.442671,1.846721,689.111,305.515,810.705,428.989,0.890137,detected
284,9.476143,near,1,733.000,590.000,4.056520,10.947495,652.040,426.436,771.153,607.845,0.882324,detected
284,9.476143,far,8,766.000,414.000,4.478872,1.845178,688.018,303.800,809.844,428.969,0.893555,detected
285,9.509510,near,1,739.000,592.000,4.109696,11.012081,653.513,426.702,774.247,612.159,0.885254,detected
285,9.509510,far,8,769.000,416.000,4.512978,2.005461,686.914,302.068,808.876,428.663,0.904785,detected
286,9.542876,near,1,743.000,597.000,4.144132,11.173903,657.371,429.312,778.681,617.681,0.900879,detected
286,9.542876,far,8,770.000,416.000,4.524999,2.004951,686.705,299.287,809.749,429.080,0.904785,detected
287,9.576243,near,1,745.000,603.000,4.160281,11.365503,661.679,431.297,781.883,621.293,0.891113,detected
287,9.576243,far,8,769.000,413.000,4.516131,1.762237,685.854,295.971,809.040,427.978,0.901855,detected
288,9.609610,near,1,748.000,607.000,4.185403,11.491117,662.489,433.383,782.680,626.248,0.885254,detected
288,9.609610,far,8,766.000,410.000,4.482828,1.517650,683.120,291.401,807.667,427.392,0.867676,detected
289,9.642976,near,1,748.000,610.000,4.184550,11.584770,666.178,435.634,785.581,632.541,0.868652,detected
289,9.642976,far,8,761.000,409.000,4.422886,1.437576,680.592,289.271,804.065,427.432,0.909180,detected
290,9.676343,near,1,750.000,617.000,4.199756,11.799859,669.252,439.682,786.557,639.196,0.897461,detected
290,9.676343,far,8,755.000,408.000,4.350503,1.357720,678.075,286.497,800.729,427.716,0.903320,detected
291,9.709710,near,1,753.000,624.000,4.223163,12.010564,673.605,443.873,787.500,643.761,0.897461,detected
291,9.709710,far,8,748.000,408.000,4.265049,1.361422,677.578,282.646,798.881,426.848,0.890625,detected
292,9.743076,near,1,756.000,628.000,4.247200,12.128917,676.409,447.343,787.115,647.084,0.900879,detected
292,9.743076,far,8,740.000,407.000,4.167777,1.282340,678.297,281.000,796.087,425.532,0.890137,detected
293,9.776443,near,1,752.000,627.000,4.213707,12.099973,679.376,451.714,786.018,648.514,0.903320,detected
293,9.776443,far,8,732.000,407.000,4.069970,1.286588,677.352,281.000,790.589,424.664,0.889160,detected
294,9.809810,near,1,751.000,630.000,4.204331,12.188631,681.424,454.525,785.625,650.623,0.889648,detected
294,9.809810,far,8,727.000,405.000,4.008942,1.121669,677.528,281.000,785.650,423.138,0.881836,detected
295,9.843177,near,1,750.000,631.000,4.195612,12.218124,682.849,454.385,785.237,650.458,0.895020,detected
295,9.843177,far,8,721.000,405.000,3.935319,1.124884,677.459,281.000,780.500,421.570,0.890137,detected
296,9.876543,near,1,750.000,632.000,4.195323,12.247377,686.821,449.452,788.300,650.005,0.860840,detected
296,9.876543,far,8,716.000,404.000,3.873748,1.043293,673.551,281.012,773.366,420.556,0.891602,detected
297,9.909910,near,1,750.000,632.000,4.195323,12.247377,691.487,439.131,793.465,649.476,0.862793,detected
297,9.909910,far,8,709.000,409.000,3.789722,1.464929,668.474,284.219,765.231,420.897,0.903809,detected
298,9.943277,near,1,751.000,621.000,4.207090,11.920887,693.409,424.380,797.397,647.278,0.841309,detected
298,9.943277,far,8,706.000,406.000,3.751807,1.216823,661.829,283.495,757.244,418.689,0.898926,detected
299,9.976643,near,1,757.000,611.000,4.262191,11.614282,698.645,405.764,803.085,639.514,0.842773,detected
299,9.976643,far,8,702.000,408.000,3.704005,1.385726,655.558,286.468,750.752,420.875,0.902344,detected
300,10.010010,near,1,760.000,599.000,4.293432,11.235244,704.411,386.204,809.148,631.188,0.867188,detected
300,10.010010,far,8,699.000,403.000,3.664189,0.967871,652.097,285.616,746.184,418.291,0.889648,detected
301,10.043377,near,1,766.000,590.000,4.351077,10.941443,709.313,373.327,813.120,624.877,0.829590,detected
301,10.043377,far,8,698.000,405.000,3.653240,1.137203,649.559,288.104,743.065,419.619,0.903320,detected
302,10.076743,near,1,764.000,586.000,4.335274,10.809199,713.536,368.380,813.305,616.879,0.864746,detected
302,10.076743,far,8,695.000,400.000,3.612664,0.714273,648.579,289.336,740.436,417.988,0.897461,detected
303,10.110110,near,1,766.000,583.000,4.354877,10.708325,717.130,375.731,810.058,611.921,0.853027,detected
303,10.110110,far,8,693.000,401.000,3.588714,0.800966,646.854,290.883,737.606,417.606,0.901367,detected
304,10.143477,near,1,767.000,580.000,4.365595,10.606730,720.954,382.854,807.196,605.075,0.878418,detected
304,10.143477,far,8,690.000,399.000,3.549854,0.631073,646.120,290.806,735.718,415.900,0.902832,detected
305,10.176844,near,1,768.000,579.000,4.375240,10.572533,722.569,383.988,805.680,600.852,0.873047,detected
305,10.176844,far,8,688.000,398.000,3.524090,0.545886,645.362,289.474,734.564,414.135,0.897461,detected
306,10.210210,near,1,769.000,577.000,4.385514,10.504021,722.788,376.736,806.485,598.525,0.886230,detected
306,10.210210,far,8,686.000,400.000,3.501228,0.719206,645.255,288.547,734.720,413.649,0.906250,detected
307,10.243577,near,1,769.000,574.000,4.387321,10.400764,721.243,353.077,811.690,597.872,0.867676,detected
307,10.243577,far,8,685.000,396.000,3.484729,0.373914,644.982,285.346,735.748,412.353,0.902344,detected
308,10.276944,near,1,769.000,577.000,4.385514,10.504021,719.982,338.977,814.283,599.421,0.891113,detected
308,10.276944,far,8,681.000,398.000,3.437079,0.549759,643.805,283.802,735.640,412.389,0.886719,detected
309,10.310310,near,1,766.000,578.000,4.357642,10.538808,720.882,339.931,814.311,602.036,0.881836,detected
309,10.310310,far,8,681.000,395.000,3.433662,0.288804,639.146,282.741,730.882,412.219,0.891113,detected
310,10.343677,near,1,766.000,587.000,4.352696,10.842129,719.759,348.409,812.289,609.426,0.890625,detected
310,10.343677,far,8,680.000,400.000,3.426956,0.722494,636.873,283.777,728.576,413.030,0.905762,detected
311,10.377044,near,1,763.000,591.000,4.323792,10.974902,720.596,374.933,807.292,615.011,0.900391,detected
311,10.377044,far,8,678.000,396.000,3.397368,0.377824,635.338,285.402,725.550,411.162,0.903320,detected
312,10.410410,near,1,762.000,595.000,4.312954,11.105748,720.442,393.602,805.040,621.873,0.906250,detected
312,10.410410,far,8,675.000,396.000,3.359934,0.379499,631.675,286.184,721.503,409.184,0.906738,detected
313,10.443777,near,1,760.000,607.000,4.289903,11.489050,717.852,405.408,803.778,630.733,0.917480,detected
313,10.443777,far,8,673.000,395.000,3.333630,0.293293,630.295,289.791,719.039,408.909,0.908691,detected
314,10.477144,near,1,757.000,621.000,4.258307,11.919906,714.765,415.401,803.122,639.659,0.914062,detected
314,10.477144,far,8,673.000,395.000,3.333630,0.293293,629.585,293.377,717.364,408.479,0.899414,detected
315,10.510511,near,1,756.000,632.000,4.245754,12.246434,711.587,427.337,803.728,654.365,0.925293,detected
315,10.510511,far,8,673.000,401.000,3.341649,0.811874,628.891,297.806,716.794,410.171,0.901855,detected
316,10.543877,near,1,752.000,645.000,4.208138,12.620097,709.694,437.360,803.512,661.445,0.921387,detected
316,10.543877,far,8,672.000,398.000,3.325239,0.554737,628.925,299.747,716.611,408.994,0.897461,detected
317,10.577244,near,1,753.000,648.000,4.215459,12.704161,708.533,448.427,802.720,665.952,0.921387,detected
317,10.577244,far,8,672.000,397.000,3.323874,0.468135,627.931,299.968,716.986,408.582,0.900879,detected
318,10.610611,near,1,755.000,643.000,4.233580,12.563118,709.293,457.333,802.390,665.121,0.921875,detected
318,10.610611,far,8,672.000,395.000,3.321128,0.293854,626.887,298.701,717.343,406.568,0.891602,detected
319,10.643977,near,1,753.000,645.000,4.216394,12.619947,709.598,464.954,802.262,664.890,0.925293,detected
319,10.643977,far,8,670.000,398.000,3.300391,0.555843,623.797,298.192,716.686,406.931,0.903809,detected
320,10.677344,near,1,752.000,646.000,4.207837,12.648244,708.965,470.822,801.798,665.084,0.920410,detected
320,10.677344,far,8,665.000,394.000,3.232063,0.210118,616.006,293.174,714.738,407.660,0.896973,detected
321,10.710711,near,1,755.000,648.000,4.231904,12.703863,708.956,473.709,803.175,665.752,0.922852,detected
321,10.710711,far,8,655.000,393.000,3.105010,0.127753,604.820,291.457,706.127,408.781,0.886719,detected
322,10.744077,near,1,756.000,646.000,4.240817,12.647646,709.444,471.472,806.100,665.160,0.923340,detected
322,10.744077,far,8,646.000,395.000,2.996230,0.308436,594.966,291.637,694.995,408.106,0.859375,detected
323,10.777444,near,1,758.000,643.000,4.258418,12.562664,710.550,467.164,809.690,663.852,0.916504,detected
323,10.777444,far,8,639.000,396.000,2.911035,0.399591,589.295,289.873,688.139,408.495,0.832031,detected
324,10.810811,near,1,758.000,642.000,4.258790,12.534282,710.004,462.838,811.960,664.149,0.916016,detected
324,10.810811,far,8,623.000,393.000,2.703759,0.145861,581.965,294.003,675.937,409.843,0.809082,detected
325,10.844178,near,1,756.000,639.000,4.243262,12.448974,708.476,457.987,812.969,664.202,0.896484,detected
325,10.844178,far,8,616.000,398.000,2.630138,0.585678,572.141,298.322,661.778,410.658,0.835938,detected
326,10.877544,near,1,752.000,635.000,4.211198,12.334339,705.277,452.119,811.426,661.349,0.887695,detected
326,10.877544,far,8,609.000,400.000,2.549257,0.761350,564.194,301.946,652.516,414.272,0.831055,detected
327,10.910911,near,1,747.000,634.000,4.169602,12.306108,697.923,445.446,804.535,655.275,0.935547,detected
327,10.910911,far,8,605.000,399.000,2.496824,0.677819,559.150,303.040,646.159,415.235,0.851074,detected
328,10.944278,near,1,742.000,629.000,4.128681,12.160645,687.565,439.049,793.616,649.105,0.916504,detected
328,10.944278,far,8,601.000,400.000,2.450498,0.765723,555.609,301.989,642.440,415.436,0.782227,detected
329,10.977644,near,1,735.000,626.000,4.069964,12.073039,679.156,432.663,784.966,645.065,0.906250,detected
329,10.977644,far,8,599.000,399.000,2.422610,0.681114,556.244,307.929,638.338,416.061,0.803223,detected
330,11.011011,near,1,728.000,624.000,4.010728,12.014609,669.508,426.260,774.767,642.149,0.892578,detected
330,11.011011,far,8,595.000,398.000,2.369827,0.597266,555.194,311.635,634.055,416.563,0.716797,detected
331,11.044378,near,1,719.000,621.000,3.934059,11.926121,662.377,421.414,766.666,640.511,0.904297,detected
331,11.044378,far,8,597.000,400.000,2.401128,0.767908,551.399,314.690,628.175,417.306,0.810547,detected
332,11.077744,near,1,709.000,618.000,3.848192,11.837065,655.370,416.608,759.101,639.362,0.910645,detected
332,11.077744,far,8,593.000,402.000,2.358431,0.940418,546.829,313.259,624.373,417.050,0.863281,detected
333,11.111111,near,1,699.000,614.000,3.761291,11.716614,650.153,413.654,752.280,637.001,0.917969,detected
333,11.111111,far,8,589.000,402.000,2.309276,0.942582,543.908,311.241,622.528,416.728,0.851074,detected
334,11.144478,near,1,691.000,612.000,3.691576,11.656389,644.953,410.923,745.292,633.605,0.913574,detected
334,11.144478,far,8,588.000,399.000,2.286592,0.687152,542.064,307.847,621.782,415.526,0.835449,detected
335,11.177845,near,1,682.000,615.000,3.615483,11.750109,639.893,412.164,738.125,632.924,0.928711,detected
335,11.177845,far,8,588.000,399.000,2.286592,0.687152,542.453,304.752,623.833,416.548,0.782227,detected
336,11.211211,near,1,673.000,618.000,3.540052,11.843011,634.349,413.653,730.874,633.858,0.917969,detected
336,11.211211,far,8,588.000,399.000,2.286592,0.687152,541.334,299.235,624.982,416.789,0.745605,detected
337,11.244578,near,1,667.000,618.000,3.488722,11.844002,630.901,416.272,725.305,634.827,0.910645,detected
337,11.244578,far,8,588.000,399.000,2.286592,0.687152,539.187,294.906,623.730,416.320,0.737305,detected
338,11.277945,near,1,662.000,617.000,3.445185,11.814453,625.773,418.465,718.308,634.385,0.915039,detected
338,11.277945,far,8,589.000,397.000,2.292004,0.514193,540.478,290.460,625.768,415.296,0.791016,detected
339,11.311311,near,1,657.000,618.000,3.403188,11.845653,619.646,419.340,711.129,633.686,0.901855,detected
339,11.311311,far,8,591.000,397.000,2.316833,0.513085,543.790,285.922,629.214,414.823,0.812500,detected
340,11.344678,near,1,654.000,618.000,3.377531,11.846148,612.466,420.055,703.438,634.027,0.910645,detected
340,11.344678,far,8,591.000,397.000,2.316833,0.513085,546.072,282.406,631.363,415.052,0.849121,detected
341,11.378045,near,1,651.000,616.000,3.350073,11.785822,606.949,419.635,696.935,632.478,0.910645,detected
341,11.378045,far,8,590.000,397.000,2.304418,0.513639,548.209,281.000,631.631,414.243,0.848633,detected
342,11.411411,near,1,650.000,611.000,3.336880,11.632418,603.552,419.497,692.246,630.783,0.900391,detected
342,11.411411,far,8,590.000,396.000,2.300947,0.426898,550.979,281.000,632.159,413.367,0.860840,detected
343,11.444778,near,1,646.000,603.000,3.294410,11.382781,602.039,418.252,689.442,628.324,0.897949,detected
343,11.444778,far,8,591.000,395.000,2.309927,0.339239,553.334,281.000,632.018,411.840,0.851562,detected
344,11.478145,near,1,644.000,597.000,3.270721,11.191566,600.809,416.520,686.608,625.299,0.905273,detected
344,11.478145,far,8,591.000,395.000,2.309927,0.339239,555.198,281.000,631.365,410.344,0.825195,detected
345,11.511512,near,1,641.000,594.000,3.241021,11.095061,599.201,415.322,681.936,619.639,0.896973,detected
345,11.511512,far,8,593.000,395.000,2.334860,0.338119,557.368,281.000,631.133,408.937,0.800781,detected
346,11.544878,near,1,638.000,593.000,3.213340,11.063067,597.397,412.027,677.911,614.411,0.884766,detected
346,11.544878,far,8,594.000,395.000,2.347327,0.337560,559.100,281.000,631.039,408.065,0.779297,detected
347,11.578245,near,1,634.000,594.000,3.179080,11.096322,594.896,408.257,674.999,612.548,0.888672,detected
347,11.578245,far,8,596.000,394.000,2.368917,0.248964,561.525,281.000,632.109,407.896,0.803223,detected
348,11.611612,near,1,631.000,594.000,3.152537,11.096863,591.516,403.837,672.097,611.362,0.898926,detected
348,11.611612,far,8,597.000,394.000,2.381412,0.248402,564.592,281.000,633.219,406.930,0.812500,detected
349,11.644978,near,1,628.000,592.000,3.123465,11.032252,589.544,400.952,670.857,610.424,0.915039,detected
349,11.644978,far,8,600.000,394.000,2.418897,0.246715,567.809,281.000,635.007,407.083,0.835449,detected
350,11.678345,near,1,624.000,589.000,3.083994,10.934539,587.213,398.012,669.440,608.448,0.917969,detected
350,11.678345,far,8,602.000,391.000,2.434237,0.000000,570.562,281.000,636.397,406.449,0.839844,detected
351,11.711712,near,1,621.000,589.000,3.057262,10.935089,584.884,397.252,668.366,609.188,0.914551,detected
351,11.711712,far,8,605.000,392.000,2.475116,0.067808,572.242,281.000,636.819,406.442,0.844727,detected
352,11.745078,near,1,617.000,587.000,3.018764,10.869720,582.031,396.399,666.789,609.254,0.915039,detected
352,11.745078,far,8,607.000,388.000,2.487736,0.000000,574.228,281.000,636.717,404.538,0.849121,detected
353,11.778445,near,1,617.000,588.000,3.020195,10.902821,579.441,396.851,665.401,609.906,0.920410,detected
353,11.778445,far,8,608.000,387.000,2.497266,0.000000,576.052,281.000,637.268,404.981,0.841797,detected
354,11.811812,near,1,616.000,588.000,3.011273,10.903005,578.388,397.300,664.905,609.358,0.918945,detected
354,11.811812,far,8,610.000,388.000,2.525706,0.000000,577.465,281.000,636.124,403.103,0.806641,detected
355,11.845179,near,1,614.000,590.000,2.996358,10.969276,578.013,397.883,664.934,608.915,0.919922,detected
355,11.845179,far,8,610.000,385.000,2.516448,0.000000,579.032,281.000,635.742,402.843,0.785156,detected
356,11.878545,near,1,611.000,586.000,2.963638,10.837636,576.266,398.506,663.636,608.650,0.907227,detected
356,11.878545,far,8,608.000,391.000,2.509693,0.000000,580.709,281.000,636.741,405.194,0.599121,detected
357,11.911912,near,1,608.000,580.000,2.927370,10.636954,575.356,398.781,663.308,607.737,0.908203,detected
357,11.911912,far,8,610.000,389.000,2.528767,0.000000,581.745,282.659,635.531,406.229,0.511719,detected
358,11.945279,near,1,607.000,580.000,2.918343,10.637144,574.860,398.349,662.101,603.019,0.886230,detected
358,11.945279,far,8,610.000,390.000,2.531814,0.000000,581.152,282.110,633.150,405.852,0.509766,detected
359,11.978645,near,1,605.000,573.000,2.888790,10.398149,573.487,398.077,659.874,598.991,0.904785,detected
359,11.978645,far,8,613.000,389.000,2.566662,0.000000,581.108,281.409,632.316,406.141,0.542969,detected
360,12.012012,near,1,603.000,569.000,2.863755,10.259470,571.558,396.281,656.608,593.529,0.893066,detected
360,12.012012,far,8,615.000,388.000,2.588999,0.000000,581.931,281.150,632.553,405.759,0.638672,detected
361,12.045379,near,1,602.000,574.000,2.863124,10.433237,569.210,394.491,653.166,590.855,0.904785,detected
361,12.045379,far,8,615.000,391.000,2.597747,0.000000,582.244,281.130,632.617,406.185,0.728027,detected
362,12.078745,near,1,601.000,572.000,2.850587,10.364321,566.136,389.990,650.243,590.090,0.891602,detected
362,12.078745,far,8,618.000,390.000,2.632665,0.000000,582.097,281.199,632.033,405.854,0.723145,detected
363,12.112112,near,1,600.000,571.000,2.839715,10.329804,565.823,388.107,649.039,589.164,0.894531,detected
363,12.112112,far,8,618.000,388.000,2.626980,0.000000,582.004,281.019,631.540,404.667,0.770996,detected
364,12.145479,near,1,599.000,572.000,2.832318,10.364711,566.508,386.950,648.533,589.036,0.889648,detected
364,12.145479,far,8,616.000,388.000,2.601659,0.000000,582.247,281.100,631.057,402.799,0.758301,detected
365,12.178846,near,1,599.000,572.000,2.832318,10.364711,567.468,384.899,648.365,588.350,0.882324,detected
365,12.178846,far,8,617.000,386.000,2.608532,0.000000,582.566,281.000,630.633,400.747,0.781250,detected
366,12.212212,near,1,599.000,574.000,2.835803,10.433819,568.232,384.991,647.751,589.144,0.880859,detected
366,12.212212,far,8,615.000,386.000,2.583106,0.000000,582.180,281.030,629.822,400.285,0.816406,detected
367,12.245579,near,1,599.000,572.000,2.832318,10.364711,569.194,384.266,647.250,588.370,0.884277,detected
367,12.245579,far,8,614.000,383.000,2.561379,0.000000,582.901,281.047,629.792,398.491,0.823242,detected
368,12.278946,near,1,601.000,570.000,2.847135,10.294789,569.796,385.069,646.363,589.122,0.885742,detected
368,12.278946,far,8,614.000,386.000,2.570393,0.000000,582.841,281.000,629.821,398.992,0.805176,detected
369,12.312312,near,1,602.000,566.000,2.849387,10.154254,570.241,384.389,645.336,587.749,0.887695,detected
369,12.312312,far,8,613.000,381.000,2.542458,0.000000,583.538,281.000,629.677,396.704,0.796875,detected
370,12.345679,near,1,602.000,569.000,2.854578,10.259668,570.771,385.166,644.674,588.267,0.888184,detected
370,12.345679,far,8,613.000,381.000,2.542458,0.000000,583.958,281.000,629.747,395.652,0.802734,detected
371,12.379046,near,1,602.000,565.000,2.847647,10.118901,570.663,383.895,643.672,586.796,0.890137,detected
371,12.379046,far,8,611.000,380.000,2.513626,0.000000,583.730,281.000,629.003,393.786,0.818359,detected
